leading_item_id,following_item_id,value
DEWLVASR,ELQGMQWE,894186
DEWLVASR,FTSVTTSR,81037
DEWLVASR,ZKENOUDA,330566
DEWLVASR,LLHREMKS,21125
DEWLVASR,WPQXWHYO,8605777
DEWLVASR,MBSBZBXA,4931770
DEWLVASR,ZGJXVMNI,2723298
DEWLVASR,EVBVXETX,4813485
DEWLVASR,FCYBOAXC,113463661
DEWLVASR,LTOYKIML,229330
DEWLVASR,ZXERAXWP,8097
DEWLVASR,FQCLOEXA,1359834
DEWLVASR,ZCELVYQU,53674
DEWLVASR,KJNSOAHR,13335695
DEWLVASR,GKQIJYDH,6208368
DEWLVASR,FITUEHWN,96135
DEWLVASR,AANGBULD,1378397
DEWLVASR,UQYUIVVR,1521150
DEWLVASR,XIIEJNEE,1655
ELQGMQWE,DEWLVASR,326111
ELQGMQWE,FTSVTTSR,81037
ELQGMQWE,ZKENOUDA,330566
ELQGMQWE,DDEXPPXU,10732
ELQGMQWE,LLHREMKS,21125
ELQGMQWE,WPQXWHYO,8605777
ELQGMQWE,RJGPVEXX,524607
ELQGMQWE,ZGJXVMNI,2723298
ELQGMQWE,LPHPPJUG,1364306
ELQGMQWE,JERHKLYW,9552
ELQGMQWE,ZXERAXWP,8097
ELQGMQWE,NZKBIBNU,158995
ELQGMQWE,VUAFAIYJ,945706
ELQGMQWE,CCLHWFWF,21099597
ELQGMQWE,FQCLOEXA,1359834
ELQGMQWE,KJNSOAHR,13335695
ELQGMQWE,FITUEHWN,96135
ELQGMQWE,NAQIHUKZ,2326
ELQGMQWE,AANGBULD,1378397
ELQGMQWE,UQYUIVVR,1521150
ELQGMQWE,FWUCPMMW,2071
ELQGMQWE,YSYHGLQK,2401
ELQGMQWE,JSLXRQOK,7621
ELQGMQWE,XIIEJNEE,1655
ELQGMQWE,TGOELCAG,275094
AHMDUILJ,RCBZUSIM,3813
AHMDUILJ,WQMVCOEM,10702
AHMDUILJ,WPQXWHYO,8605777
AHMDUILJ,ATLDMDBO,35384485
AHMDUILJ,HXYSSRXE,6021273
AHMDUILJ,QRKRBYJL,1435706
AHMDUILJ,RAWUKQMJ,3516379
AHMDUILJ,LRVGFDFM,6780076
AHMDUILJ,BTMOEMEP,11755342
AHMDUILJ,UXSPKBJR,367805
AHMDUILJ,BEZYMBBT,3587566
AHMDUILJ,DUCMGGNW,624045
AHMDUILJ,JPBRUTWP,5424357
AHMDUILJ,QVLMOEYE,1013432
AHMDUILJ,XUOIQPFL,3182020
AHMDUILJ,WBLJNPZQ,85467
AHMDUILJ,DBWLZWNK,127357
AHMDUILJ,NZKBIBNU,158995
AHMDUILJ,APQGTRMF,25632
AHMDUILJ,VBYCLTYZ,361821
AHMDUILJ,ROACSLMG,2115116
AHMDUILJ,BUZIIBYG,14460558
AHMDUILJ,IGDVVKUD,9609
AHMDUILJ,XIIEJNEE,1655
AHMDUILJ,DJBLNPNC,6130
XIPPENFQ,AHMDUILJ,70952
XIPPENFQ,DDEXPPXU,10732
XIPPENFQ,MBSBZBXA,4931770
XIPPENFQ,ZGJXVMNI,2723298
XIPPENFQ,LPHPPJUG,1364306
XIPPENFQ,CCLHWFWF,21099597
XIPPENFQ,KAGJCHMR,4301
XIPPENFQ,MIRCVAMV,11279
XIPPENFQ,UQYUIVVR,1521150
FTSVTTSR,DEWLVASR,326111
FTSVTTSR,SUOYXCHP,25808
FTSVTTSR,ZKENOUDA,330566
FTSVTTSR,LLHREMKS,21125
FTSVTTSR,MBSBZBXA,4931770
FTSVTTSR,SAAYMURU,19487
FTSVTTSR,STZDBITS,20573884
FTSVTTSR,SNHYOVBM,1342222
FTSVTTSR,DBWLZWNK,127357
FTSVTTSR,FQCLOEXA,1359834
FTSVTTSR,ZCELVYQU,53674
FTSVTTSR,KAGJCHMR,4301
FTSVTTSR,QKXNTIIB,3258099
FTSVTTSR,GKQIJYDH,6208368
FTSVTTSR,NAQIHUKZ,2326
FTSVTTSR,FWUCPMMW,2071
FTSVTTSR,YSYHGLQK,2401
FTSVTTSR,XIIEJNEE,1655
FTSVTTSR,TGOELCAG,275094
XMKRPGLB,AHMDUILJ,70952
XMKRPGLB,XIPPENFQ,142118
XMKRPGLB,BSRMSVTC,98990
XMKRPGLB,BEZYMBBT,3587566
XMKRPGLB,SAAYMURU,19487
XMKRPGLB,QJQJSWFU,48565
XMKRPGLB,STZDBITS,20573884
XMKRPGLB,SNHYOVBM,1342222
XMKRPGLB,OXKURKXR,53939
XMKRPGLB,OKMBFVKS,1713552
XMKRPGLB,KAGJCHMR,4301
XMKRPGLB,ROACSLMG,2115116
XMKRPGLB,VMAQSTJE,42210
XMKRPGLB,FITUEHWN,96135
XMKRPGLB,YSYHGLQK,2401
XMKRPGLB,PYZMVUWD,1591
XMKRPGLB,DJBLNPNC,6130
RCBZUSIM,XMKRPGLB,1281150
RCBZUSIM,WQMVCOEM,10702
RCBZUSIM,BSRMSVTC,98990
RCBZUSIM,DNMPSKTB,5232002
RCBZUSIM,ATLDMDBO,35384485
RCBZUSIM,SAHWCZNH,2427804
RCBZUSIM,HXYSSRXE,6021273
RCBZUSIM,QRKRBYJL,1435706
RCBZUSIM,FRHNWLNI,1427516
RCBZUSIM,BJALXPFS,200756
RCBZUSIM,RAWUKQMJ,3516379
RCBZUSIM,BTMOEMEP,11755342
RCBZUSIM,BEZYMBBT,3587566
RCBZUSIM,DUCMGGNW,624045
RCBZUSIM,STZDBITS,20573884
RCBZUSIM,JPBRUTWP,5424357
RCBZUSIM,QVLMOEYE,1013432
RCBZUSIM,LSOIUSXD,77911
RCBZUSIM,XUOIQPFL,3182020
RCBZUSIM,WBLJNPZQ,85467
RCBZUSIM,OXKURKXR,53939
RCBZUSIM,AXULOHBQ,26524
RCBZUSIM,DBWLZWNK,127357
RCBZUSIM,OKMBFVKS,1713552
RCBZUSIM,SDWAYPIK,4711539
RCBZUSIM,UIFPPCLR,38274
RCBZUSIM,APQGTRMF,25632
RCBZUSIM,VBYCLTYZ,361821
RCBZUSIM,GYHKIVQT,7769678
RCBZUSIM,VMAQSTJE,42210
RCBZUSIM,UGEQLMXM,144759
RCBZUSIM,JBVHSUWY,323120
RCBZUSIM,NAQIHUKZ,2326
RCBZUSIM,FWUCPMMW,2071
RCBZUSIM,FDXPMYGF,4012
RCBZUSIM,HCDTGMST,61519
RCBZUSIM,JSLXRQOK,7621
RCBZUSIM,XIIEJNEE,1655
RCBZUSIM,BLANHGYY,5960
RCBZUSIM,DJBLNPNC,6130
RCBZUSIM,TGOELCAG,275094
SUOYXCHP,DDEXPPXU,10732
SUOYXCHP,LUENUFGA,6158912
SUOYXCHP,MBSBZBXA,4931770
SUOYXCHP,RAWUKQMJ,3516379
SUOYXCHP,BEZYMBBT,3587566
SUOYXCHP,SAAYMURU,19487
SUOYXCHP,QJQJSWFU,48565
SUOYXCHP,STZDBITS,20573884
SUOYXCHP,XUOIQPFL,3182020
SUOYXCHP,OGAFEHLU,9169
SUOYXCHP,KEUWZRKO,350313
SUOYXCHP,QKXNTIIB,3258099
SUOYXCHP,GKQIJYDH,6208368
SUOYXCHP,VMAQSTJE,42210
SUOYXCHP,XIFHSOWQ,59849
SUOYXCHP,FITUEHWN,96135
SUOYXCHP,NAQIHUKZ,2326
SUOYXCHP,MIRCVAMV,11279
SUOYXCHP,FDXPMYGF,4012
SUOYXCHP,YSYHGLQK,2401
SUOYXCHP,HCDTGMST,61519
SUOYXCHP,TGOELCAG,275094
ZKENOUDA,DEWLVASR,326111
ZKENOUDA,ELQGMQWE,894186
ZKENOUDA,FTSVTTSR,81037
ZKENOUDA,LLHREMKS,21125
ZKENOUDA,WPQXWHYO,8605777
ZKENOUDA,RJGPVEXX,524607
ZKENOUDA,MBSBZBXA,4931770
ZKENOUDA,ZGJXVMNI,2723298
ZKENOUDA,EVBVXETX,4813485
ZKENOUDA,OJIFIHMZ,3038558
ZKENOUDA,LPHPPJUG,1364306
ZKENOUDA,LTOYKIML,229330
ZKENOUDA,ZXERAXWP,8097
ZKENOUDA,VUAFAIYJ,945706
ZKENOUDA,FQCLOEXA,1359834
ZKENOUDA,ZCELVYQU,53674
ZKENOUDA,KJNSOAHR,13335695
ZKENOUDA,GKQIJYDH,6208368
ZKENOUDA,FITUEHWN,96135
ZKENOUDA,NAQIHUKZ,2326
ZKENOUDA,AANGBULD,1378397
ZKENOUDA,JSLXRQOK,7621
ZKENOUDA,XIIEJNEE,1655
WQMVCOEM,SUOYXCHP,25808
WQMVCOEM,BSRMSVTC,98990
WQMVCOEM,DNMPSKTB,5232002
WQMVCOEM,WPQXWHYO,8605777
WQMVCOEM,ATLDMDBO,35384485
WQMVCOEM,HXYSSRXE,6021273
WQMVCOEM,FRHNWLNI,1427516
WQMVCOEM,BJALXPFS,200756
WQMVCOEM,BTMOEMEP,11755342
WQMVCOEM,DUCMGGNW,624045
WQMVCOEM,JPBRUTWP,5424357
WQMVCOEM,AXULOHBQ,26524
WQMVCOEM,OGAFEHLU,9169
WQMVCOEM,XIFHSOWQ,59849
WQMVCOEM,FDXPMYGF,4012
WQMVCOEM,PYZMVUWD,1591
WQMVCOEM,HCDTGMST,61519
WQMVCOEM,BLANHGYY,5960
WQMVCOEM,DJBLNPNC,6130
WQMVCOEM,TGOELCAG,275094
BSRMSVTC,AHMDUILJ,70952
BSRMSVTC,DNMPSKTB,5232002
BSRMSVTC,VWMBASNE,117321
BSRMSVTC,SAHWCZNH,2427804
BSRMSVTC,LUENUFGA,6158912
BSRMSVTC,BEZYMBBT,3587566
BSRMSVTC,QJQJSWFU,48565
BSRMSVTC,STZDBITS,20573884
BSRMSVTC,JPBRUTWP,5424357
BSRMSVTC,JERHKLYW,9552
BSRMSVTC,LSOIUSXD,77911
BSRMSVTC,XUOIQPFL,3182020
BSRMSVTC,OXKURKXR,53939
BSRMSVTC,OKMBFVKS,1713552
BSRMSVTC,OGAFEHLU,9169
BSRMSVTC,UIFPPCLR,38274
BSRMSVTC,KEUWZRKO,350313
BSRMSVTC,QKXNTIIB,3258099
BSRMSVTC,VMAQSTJE,42210
BSRMSVTC,XIFHSOWQ,59849
BSRMSVTC,FITUEHWN,96135
BSRMSVTC,UGEQLMXM,144759
BSRMSVTC,JBVHSUWY,323120
BSRMSVTC,MIRCVAMV,11279
BSRMSVTC,IGDVVKUD,9609
BSRMSVTC,PYZMVUWD,1591
BSRMSVTC,HCDTGMST,61519
BSRMSVTC,TGOELCAG,275094
DDEXPPXU,DEWLVASR,326111
DDEXPPXU,AHMDUILJ,70952
DDEXPPXU,FTSVTTSR,81037
DDEXPPXU,RCBZUSIM,3813
DDEXPPXU,ZKENOUDA,330566
DDEXPPXU,FRHNWLNI,1427516
DDEXPPXU,EVBVXETX,4813485
DDEXPPXU,OJIFIHMZ,3038558
DDEXPPXU,NZKBIBNU,158995
DDEXPPXU,ZCELVYQU,53674
DDEXPPXU,KJNSOAHR,13335695
DDEXPPXU,BUZIIBYG,14460558
DDEXPPXU,NAQIHUKZ,2326
DDEXPPXU,IGDVVKUD,9609
DDEXPPXU,JSLXRQOK,7621
DDEXPPXU,DJBLNPNC,6130
LLHREMKS,DEWLVASR,326111
LLHREMKS,ELQGMQWE,894186
LLHREMKS,MBSBZBXA,4931770
LLHREMKS,BJALXPFS,200756
LLHREMKS,STZDBITS,20573884
LLHREMKS,FCYBOAXC,113463661
LLHREMKS,ZXERAXWP,8097
LLHREMKS,LSOIUSXD,77911
LLHREMKS,VUAFAIYJ,945706
LLHREMKS,CCLHWFWF,21099597
LLHREMKS,OGAFEHLU,9169
LLHREMKS,ZCELVYQU,53674
LLHREMKS,KAGJCHMR,4301
LLHREMKS,KJNSOAHR,13335695
LLHREMKS,QKXNTIIB,3258099
LLHREMKS,GKQIJYDH,6208368
LLHREMKS,VBYCLTYZ,361821
LLHREMKS,UGEQLMXM,144759
LLHREMKS,BUZIIBYG,14460558
LLHREMKS,AANGBULD,1378397
LLHREMKS,UQYUIVVR,1521150
LLHREMKS,FWUCPMMW,2071
LLHREMKS,YSYHGLQK,2401
LLHREMKS,XIIEJNEE,1655
LLHREMKS,BLANHGYY,5960
DNMPSKTB,RCBZUSIM,3813
DNMPSKTB,BSRMSVTC,98990
DNMPSKTB,VWMBASNE,117321
DNMPSKTB,ATLDMDBO,35384485
DNMPSKTB,HXYSSRXE,6021273
DNMPSKTB,QRKRBYJL,1435706
DNMPSKTB,RAWUKQMJ,3516379
DNMPSKTB,LRVGFDFM,6780076
DNMPSKTB,BTMOEMEP,11755342
DNMPSKTB,BEZYMBBT,3587566
DNMPSKTB,QJQJSWFU,48565
DNMPSKTB,JPBRUTWP,5424357
DNMPSKTB,QVLMOEYE,1013432
DNMPSKTB,LSOIUSXD,77911
DNMPSKTB,XUOIQPFL,3182020
DNMPSKTB,WBLJNPZQ,85467
DNMPSKTB,OXKURKXR,53939
DNMPSKTB,AXULOHBQ,26524
DNMPSKTB,DBWLZWNK,127357
DNMPSKTB,OKMBFVKS,1713552
DNMPSKTB,OGAFEHLU,9169
DNMPSKTB,SDWAYPIK,4711539
DNMPSKTB,UIFPPCLR,38274
DNMPSKTB,APQGTRMF,25632
DNMPSKTB,VBYCLTYZ,361821
DNMPSKTB,GYHKIVQT,7769678
DNMPSKTB,VMAQSTJE,42210
DNMPSKTB,XIFHSOWQ,59849
DNMPSKTB,UGEQLMXM,144759
DNMPSKTB,JBVHSUWY,323120
DNMPSKTB,IGDVVKUD,9609
DNMPSKTB,PYZMVUWD,1591
DNMPSKTB,XIIEJNEE,1655
DNMPSKTB,BLANHGYY,5960
DNMPSKTB,DJBLNPNC,6130
WPQXWHYO,DEWLVASR,326111
WPQXWHYO,ZKENOUDA,330566
WPQXWHYO,RJGPVEXX,524607
WPQXWHYO,FRHNWLNI,1427516
WPQXWHYO,EVBVXETX,4813485
WPQXWHYO,FCYBOAXC,113463661
WPQXWHYO,LTOYKIML,229330
WPQXWHYO,ZXERAXWP,8097
WPQXWHYO,NZKBIBNU,158995
WPQXWHYO,ZCELVYQU,53674
WPQXWHYO,KJNSOAHR,13335695
WPQXWHYO,FITUEHWN,96135
WPQXWHYO,AANGBULD,1378397
WPQXWHYO,FDXPMYGF,4012
WPQXWHYO,XIIEJNEE,1655
WPQXWHYO,BLANHGYY,5960
WPQXWHYO,DJBLNPNC,6130
VWMBASNE,AHMDUILJ,70952
VWMBASNE,XIPPENFQ,142118
VWMBASNE,SUOYXCHP,25808
VWMBASNE,BSRMSVTC,98990
VWMBASNE,LRVGFDFM,6780076
VWMBASNE,STZDBITS,20573884
VWMBASNE,XUOIQPFL,3182020
VWMBASNE,WBLJNPZQ,85467
VWMBASNE,CCLHWFWF,21099597
VWMBASNE,MIRCVAMV,11279
VWMBASNE,WHPUAOID,22196
VWMBASNE,FDXPMYGF,4012
VWMBASNE,PYZMVUWD,1591
RJGPVEXX,DEWLVASR,326111
RJGPVEXX,ELQGMQWE,894186
RJGPVEXX,FTSVTTSR,81037
RJGPVEXX,ZKENOUDA,330566
RJGPVEXX,WPQXWHYO,8605777
RJGPVEXX,FRHNWLNI,1427516
RJGPVEXX,MBSBZBXA,4931770
RJGPVEXX,EVBVXETX,4813485
RJGPVEXX,DUCMGGNW,624045
RJGPVEXX,ZXERAXWP,8097
RJGPVEXX,NZKBIBNU,158995
RJGPVEXX,VUAFAIYJ,945706
RJGPVEXX,FQCLOEXA,1359834
RJGPVEXX,ZCELVYQU,53674
RJGPVEXX,KJNSOAHR,13335695
RJGPVEXX,FITUEHWN,96135
RJGPVEXX,NAQIHUKZ,2326
RJGPVEXX,AANGBULD,1378397
RJGPVEXX,UQYUIVVR,1521150
RJGPVEXX,JSLXRQOK,7621
ATLDMDBO,RCBZUSIM,3813
ATLDMDBO,WQMVCOEM,10702
ATLDMDBO,BSRMSVTC,98990
ATLDMDBO,DNMPSKTB,5232002
ATLDMDBO,VWMBASNE,117321
ATLDMDBO,HXYSSRXE,6021273
ATLDMDBO,QRKRBYJL,1435706
ATLDMDBO,FRHNWLNI,1427516
ATLDMDBO,BJALXPFS,200756
ATLDMDBO,RAWUKQMJ,3516379
ATLDMDBO,LRVGFDFM,6780076
ATLDMDBO,BTMOEMEP,11755342
ATLDMDBO,UXSPKBJR,367805
ATLDMDBO,BEZYMBBT,3587566
ATLDMDBO,JPBRUTWP,5424357
ATLDMDBO,QVLMOEYE,1013432
ATLDMDBO,LSOIUSXD,77911
ATLDMDBO,XUOIQPFL,3182020
ATLDMDBO,WBLJNPZQ,85467
ATLDMDBO,OXKURKXR,53939
ATLDMDBO,AXULOHBQ,26524
ATLDMDBO,DBWLZWNK,127357
ATLDMDBO,OKMBFVKS,1713552
ATLDMDBO,OGAFEHLU,9169
ATLDMDBO,SDWAYPIK,4711539
ATLDMDBO,UIFPPCLR,38274
ATLDMDBO,APQGTRMF,25632
ATLDMDBO,VBYCLTYZ,361821
ATLDMDBO,GYHKIVQT,7769678
ATLDMDBO,VMAQSTJE,42210
ATLDMDBO,UGEQLMXM,144759
ATLDMDBO,IGDVVKUD,9609
ATLDMDBO,FDXPMYGF,4012
ATLDMDBO,XIIEJNEE,1655
ATLDMDBO,BLANHGYY,5960
ATLDMDBO,DJBLNPNC,6130
SAHWCZNH,XIPPENFQ,142118
SAHWCZNH,XMKRPGLB,1281150
SAHWCZNH,LUENUFGA,6158912
SAHWCZNH,ZGJXVMNI,2723298
SAHWCZNH,KEUWZRKO,350313
SAHWCZNH,XIFHSOWQ,59849
SAHWCZNH,JBVHSUWY,323120
SAHWCZNH,MIRCVAMV,11279
SAHWCZNH,PYZMVUWD,1591
SAHWCZNH,TGOELCAG,275094
LUENUFGA,AHMDUILJ,70952
LUENUFGA,XIPPENFQ,142118
LUENUFGA,VWMBASNE,117321
LUENUFGA,SAHWCZNH,2427804
LUENUFGA,ZGJXVMNI,2723298
LUENUFGA,QJQJSWFU,48565
LUENUFGA,LPHPPJUG,1364306
LUENUFGA,XIFHSOWQ,59849
LUENUFGA,MIRCVAMV,11279
LUENUFGA,PYZMVUWD,1591
HXYSSRXE,RCBZUSIM,3813
HXYSSRXE,SUOYXCHP,25808
HXYSSRXE,WQMVCOEM,10702
HXYSSRXE,BSRMSVTC,98990
HXYSSRXE,DNMPSKTB,5232002
HXYSSRXE,VWMBASNE,117321
HXYSSRXE,ATLDMDBO,35384485
HXYSSRXE,SAHWCZNH,2427804
HXYSSRXE,LUENUFGA,6158912
HXYSSRXE,QRKRBYJL,1435706
HXYSSRXE,FRHNWLNI,1427516
HXYSSRXE,BJALXPFS,200756
HXYSSRXE,RAWUKQMJ,3516379
HXYSSRXE,BTMOEMEP,11755342
HXYSSRXE,QJQJSWFU,48565
HXYSSRXE,JPBRUTWP,5424357
HXYSSRXE,LSOIUSXD,77911
HXYSSRXE,XUOIQPFL,3182020
HXYSSRXE,WBLJNPZQ,85467
HXYSSRXE,OXKURKXR,53939
HXYSSRXE,AXULOHBQ,26524
HXYSSRXE,OKMBFVKS,1713552
HXYSSRXE,CCLHWFWF,21099597
HXYSSRXE,OGAFEHLU,9169
HXYSSRXE,SDWAYPIK,4711539
HXYSSRXE,UIFPPCLR,38274
HXYSSRXE,KEUWZRKO,350313
HXYSSRXE,APQGTRMF,25632
HXYSSRXE,GYHKIVQT,7769678
HXYSSRXE,VMAQSTJE,42210
HXYSSRXE,XIFHSOWQ,59849
HXYSSRXE,UGEQLMXM,144759
HXYSSRXE,JBVHSUWY,323120
HXYSSRXE,FDXPMYGF,4012
HXYSSRXE,PYZMVUWD,1591
HXYSSRXE,HCDTGMST,61519
HXYSSRXE,BLANHGYY,5960
HXYSSRXE,TGOELCAG,275094
QRKRBYJL,RCBZUSIM,3813
QRKRBYJL,WQMVCOEM,10702
QRKRBYJL,BSRMSVTC,98990
QRKRBYJL,DNMPSKTB,5232002
QRKRBYJL,VWMBASNE,117321
QRKRBYJL,ATLDMDBO,35384485
QRKRBYJL,HXYSSRXE,6021273
QRKRBYJL,FRHNWLNI,1427516
QRKRBYJL,BJALXPFS,200756
QRKRBYJL,RAWUKQMJ,3516379
QRKRBYJL,LRVGFDFM,6780076
QRKRBYJL,BTMOEMEP,11755342
QRKRBYJL,UXSPKBJR,367805
QRKRBYJL,BEZYMBBT,3587566
QRKRBYJL,QJQJSWFU,48565
QRKRBYJL,DUCMGGNW,624045
QRKRBYJL,JPBRUTWP,5424357
QRKRBYJL,QVLMOEYE,1013432
QRKRBYJL,LSOIUSXD,77911
QRKRBYJL,XUOIQPFL,3182020
QRKRBYJL,WBLJNPZQ,85467
QRKRBYJL,OXKURKXR,53939
QRKRBYJL,AXULOHBQ,26524
QRKRBYJL,DBWLZWNK,127357
QRKRBYJL,OKMBFVKS,1713552
QRKRBYJL,OGAFEHLU,9169
QRKRBYJL,SDWAYPIK,4711539
QRKRBYJL,UIFPPCLR,38274
QRKRBYJL,APQGTRMF,25632
QRKRBYJL,VBYCLTYZ,361821
QRKRBYJL,GYHKIVQT,7769678
QRKRBYJL,ROACSLMG,2115116
QRKRBYJL,UGEQLMXM,144759
QRKRBYJL,BUZIIBYG,14460558
QRKRBYJL,JBVHSUWY,323120
QRKRBYJL,IGDVVKUD,9609
QRKRBYJL,FDXPMYGF,4012
QRKRBYJL,XIIEJNEE,1655
QRKRBYJL,BLANHGYY,5960
QRKRBYJL,DJBLNPNC,6130
FRHNWLNI,RCBZUSIM,3813
FRHNWLNI,WQMVCOEM,10702
FRHNWLNI,BSRMSVTC,98990
FRHNWLNI,LLHREMKS,21125
FRHNWLNI,DNMPSKTB,5232002
FRHNWLNI,ATLDMDBO,35384485
FRHNWLNI,HXYSSRXE,6021273
FRHNWLNI,QRKRBYJL,1435706
FRHNWLNI,BJALXPFS,200756
FRHNWLNI,LRVGFDFM,6780076
FRHNWLNI,BTMOEMEP,11755342
FRHNWLNI,UXSPKBJR,367805
FRHNWLNI,QJQJSWFU,48565
FRHNWLNI,EVBVXETX,4813485
FRHNWLNI,DUCMGGNW,624045
FRHNWLNI,JPBRUTWP,5424357
FRHNWLNI,QVLMOEYE,1013432
FRHNWLNI,XUOIQPFL,3182020
FRHNWLNI,WBLJNPZQ,85467
FRHNWLNI,UIFPPCLR,38274
FRHNWLNI,ZCELVYQU,53674
FRHNWLNI,GKQIJYDH,6208368
FRHNWLNI,VBYCLTYZ,361821
FRHNWLNI,GYHKIVQT,7769678
FRHNWLNI,FITUEHWN,96135
FRHNWLNI,UGEQLMXM,144759
FRHNWLNI,IGDVVKUD,9609
FRHNWLNI,FDXPMYGF,4012
FRHNWLNI,HCDTGMST,61519
FRHNWLNI,XIIEJNEE,1655
FRHNWLNI,BLANHGYY,5960
FRHNWLNI,DJBLNPNC,6130
MBSBZBXA,FTSVTTSR,81037
MBSBZBXA,DDEXPPXU,10732
MBSBZBXA,LUENUFGA,6158912
MBSBZBXA,JERHKLYW,9552
MBSBZBXA,NAQIHUKZ,2326
MBSBZBXA,AANGBULD,1378397
MBSBZBXA,UQYUIVVR,1521150
MBSBZBXA,PYZMVUWD,1591
MBSBZBXA,HCDTGMST,61519
MBSBZBXA,TGOELCAG,275094
BJALXPFS,RCBZUSIM,3813
BJALXPFS,SUOYXCHP,25808
BJALXPFS,BSRMSVTC,98990
BJALXPFS,DNMPSKTB,5232002
BJALXPFS,ATLDMDBO,35384485
BJALXPFS,HXYSSRXE,6021273
BJALXPFS,QRKRBYJL,1435706
BJALXPFS,FRHNWLNI,1427516
BJALXPFS,RAWUKQMJ,3516379
BJALXPFS,LRVGFDFM,6780076
BJALXPFS,BTMOEMEP,11755342
BJALXPFS,BEZYMBBT,3587566
BJALXPFS,QJQJSWFU,48565
BJALXPFS,SNHYOVBM,1342222
BJALXPFS,JPBRUTWP,5424357
BJALXPFS,QVLMOEYE,1013432
BJALXPFS,XUOIQPFL,3182020
BJALXPFS,WBLJNPZQ,85467
BJALXPFS,OKMBFVKS,1713552
BJALXPFS,OGAFEHLU,9169
BJALXPFS,SDWAYPIK,4711539
BJALXPFS,KEUWZRKO,350313
BJALXPFS,VBYCLTYZ,361821
BJALXPFS,GYHKIVQT,7769678
BJALXPFS,VMAQSTJE,42210
BJALXPFS,XIFHSOWQ,59849
BJALXPFS,FITUEHWN,96135
BJALXPFS,UGEQLMXM,144759
BJALXPFS,BUZIIBYG,14460558
BJALXPFS,IGDVVKUD,9609
BJALXPFS,FDXPMYGF,4012
BJALXPFS,XIIEJNEE,1655
BJALXPFS,DJBLNPNC,6130
RAWUKQMJ,RCBZUSIM,3813
RAWUKQMJ,SUOYXCHP,25808
RAWUKQMJ,WQMVCOEM,10702
RAWUKQMJ,BSRMSVTC,98990
RAWUKQMJ,DNMPSKTB,5232002
RAWUKQMJ,SAHWCZNH,2427804
RAWUKQMJ,HXYSSRXE,6021273
RAWUKQMJ,BJALXPFS,200756
RAWUKQMJ,BTMOEMEP,11755342
RAWUKQMJ,SNHYOVBM,1342222
RAWUKQMJ,JPBRUTWP,5424357
RAWUKQMJ,XUOIQPFL,3182020
RAWUKQMJ,WBLJNPZQ,85467
RAWUKQMJ,AXULOHBQ,26524
RAWUKQMJ,OGAFEHLU,9169
RAWUKQMJ,KEUWZRKO,350313
RAWUKQMJ,APQGTRMF,25632
RAWUKQMJ,GYHKIVQT,7769678
RAWUKQMJ,VMAQSTJE,42210
RAWUKQMJ,XIFHSOWQ,59849
RAWUKQMJ,UGEQLMXM,144759
RAWUKQMJ,FDXPMYGF,4012
RAWUKQMJ,PYZMVUWD,1591
RAWUKQMJ,BLANHGYY,5960
RAWUKQMJ,DJBLNPNC,6130
RAWUKQMJ,TGOELCAG,275094
ZGJXVMNI,DEWLVASR,326111
ZGJXVMNI,ELQGMQWE,894186
ZGJXVMNI,FTSVTTSR,81037
ZGJXVMNI,ZKENOUDA,330566
ZGJXVMNI,DDEXPPXU,10732
ZGJXVMNI,WPQXWHYO,8605777
ZGJXVMNI,RJGPVEXX,524607
ZGJXVMNI,MBSBZBXA,4931770
ZGJXVMNI,EVBVXETX,4813485
ZGJXVMNI,LPHPPJUG,1364306
ZGJXVMNI,LTOYKIML,229330
ZGJXVMNI,ZXERAXWP,8097
ZGJXVMNI,NZKBIBNU,158995
ZGJXVMNI,VUAFAIYJ,945706
ZGJXVMNI,FQCLOEXA,1359834
ZGJXVMNI,ZCELVYQU,53674
ZGJXVMNI,KJNSOAHR,13335695
ZGJXVMNI,FITUEHWN,96135
ZGJXVMNI,NAQIHUKZ,2326
ZGJXVMNI,AANGBULD,1378397
ZGJXVMNI,UQYUIVVR,1521150
ZGJXVMNI,FWUCPMMW,2071
ZGJXVMNI,JSLXRQOK,7621
ZGJXVMNI,XIIEJNEE,1655
LRVGFDFM,XMKRPGLB,1281150
LRVGFDFM,RCBZUSIM,3813
LRVGFDFM,WQMVCOEM,10702
LRVGFDFM,DNMPSKTB,5232002
LRVGFDFM,VWMBASNE,117321
LRVGFDFM,ATLDMDBO,35384485
LRVGFDFM,HXYSSRXE,6021273
LRVGFDFM,QRKRBYJL,1435706
LRVGFDFM,FRHNWLNI,1427516
LRVGFDFM,BJALXPFS,200756
LRVGFDFM,RAWUKQMJ,3516379
LRVGFDFM,BTMOEMEP,11755342
LRVGFDFM,UXSPKBJR,367805
LRVGFDFM,BEZYMBBT,3587566
LRVGFDFM,QJQJSWFU,48565
LRVGFDFM,EVBVXETX,4813485
LRVGFDFM,FCYBOAXC,113463661
LRVGFDFM,JPBRUTWP,5424357
LRVGFDFM,QVLMOEYE,1013432
LRVGFDFM,LSOIUSXD,77911
LRVGFDFM,XUOIQPFL,3182020
LRVGFDFM,OXKURKXR,53939
LRVGFDFM,AXULOHBQ,26524
LRVGFDFM,DBWLZWNK,127357
LRVGFDFM,NZKBIBNU,158995
LRVGFDFM,OKMBFVKS,1713552
LRVGFDFM,OGAFEHLU,9169
LRVGFDFM,SDWAYPIK,4711539
LRVGFDFM,APQGTRMF,25632
LRVGFDFM,VBYCLTYZ,361821
LRVGFDFM,GYHKIVQT,7769678
LRVGFDFM,ROACSLMG,2115116
LRVGFDFM,UGEQLMXM,144759
LRVGFDFM,BUZIIBYG,14460558
LRVGFDFM,JBVHSUWY,323120
LRVGFDFM,FWUCPMMW,2071
LRVGFDFM,IGDVVKUD,9609
LRVGFDFM,PYZMVUWD,1591
LRVGFDFM,XIIEJNEE,1655
LRVGFDFM,BLANHGYY,5960
LRVGFDFM,DJBLNPNC,6130
BTMOEMEP,RCBZUSIM,3813
BTMOEMEP,SUOYXCHP,25808
BTMOEMEP,WQMVCOEM,10702
BTMOEMEP,BSRMSVTC,98990
BTMOEMEP,DNMPSKTB,5232002
BTMOEMEP,ATLDMDBO,35384485
BTMOEMEP,HXYSSRXE,6021273
BTMOEMEP,QRKRBYJL,1435706
BTMOEMEP,FRHNWLNI,1427516
BTMOEMEP,RAWUKQMJ,3516379
BTMOEMEP,LRVGFDFM,6780076
BTMOEMEP,UXSPKBJR,367805
BTMOEMEP,BEZYMBBT,3587566
BTMOEMEP,EVBVXETX,4813485
BTMOEMEP,JPBRUTWP,5424357
BTMOEMEP,QVLMOEYE,1013432
BTMOEMEP,XUOIQPFL,3182020
BTMOEMEP,WBLJNPZQ,85467
BTMOEMEP,OXKURKXR,53939
BTMOEMEP,AXULOHBQ,26524
BTMOEMEP,DBWLZWNK,127357
BTMOEMEP,OKMBFVKS,1713552
BTMOEMEP,OGAFEHLU,9169
BTMOEMEP,SDWAYPIK,4711539
BTMOEMEP,UIFPPCLR,38274
BTMOEMEP,APQGTRMF,25632
BTMOEMEP,VBYCLTYZ,361821
BTMOEMEP,GYHKIVQT,7769678
BTMOEMEP,ROACSLMG,2115116
BTMOEMEP,UGEQLMXM,144759
BTMOEMEP,BUZIIBYG,14460558
BTMOEMEP,JBVHSUWY,323120
BTMOEMEP,IGDVVKUD,9609
BTMOEMEP,FDXPMYGF,4012
BTMOEMEP,XIIEJNEE,1655
BTMOEMEP,BLANHGYY,5960
BTMOEMEP,DJBLNPNC,6130
UXSPKBJR,RCBZUSIM,3813
UXSPKBJR,WQMVCOEM,10702
UXSPKBJR,DNMPSKTB,5232002
UXSPKBJR,WPQXWHYO,8605777
UXSPKBJR,ATLDMDBO,35384485
UXSPKBJR,HXYSSRXE,6021273
UXSPKBJR,QRKRBYJL,1435706
UXSPKBJR,FRHNWLNI,1427516
UXSPKBJR,RAWUKQMJ,3516379
UXSPKBJR,LRVGFDFM,6780076
UXSPKBJR,BTMOEMEP,11755342
UXSPKBJR,EVBVXETX,4813485
UXSPKBJR,DUCMGGNW,624045
UXSPKBJR,OJIFIHMZ,3038558
UXSPKBJR,JPBRUTWP,5424357
UXSPKBJR,QVLMOEYE,1013432
UXSPKBJR,XUOIQPFL,3182020
UXSPKBJR,WBLJNPZQ,85467
UXSPKBJR,OXKURKXR,53939
UXSPKBJR,AXULOHBQ,26524
UXSPKBJR,DBWLZWNK,127357
UXSPKBJR,NZKBIBNU,158995
UXSPKBJR,OKMBFVKS,1713552
UXSPKBJR,OGAFEHLU,9169
UXSPKBJR,SDWAYPIK,4711539
UXSPKBJR,UIFPPCLR,38274
UXSPKBJR,APQGTRMF,25632
UXSPKBJR,VBYCLTYZ,361821
UXSPKBJR,GYHKIVQT,7769678
UXSPKBJR,ROACSLMG,2115116
UXSPKBJR,VMAQSTJE,42210
UXSPKBJR,FITUEHWN,96135
UXSPKBJR,UGEQLMXM,144759
UXSPKBJR,BUZIIBYG,14460558
UXSPKBJR,NAQIHUKZ,2326
UXSPKBJR,FWUCPMMW,2071
UXSPKBJR,IGDVVKUD,9609
UXSPKBJR,XIIEJNEE,1655
UXSPKBJR,BLANHGYY,5960
UXSPKBJR,DJBLNPNC,6130
BEZYMBBT,AHMDUILJ,70952
BEZYMBBT,RCBZUSIM,3813
BEZYMBBT,WQMVCOEM,10702
BEZYMBBT,DNMPSKTB,5232002
BEZYMBBT,ATLDMDBO,35384485
BEZYMBBT,HXYSSRXE,6021273
BEZYMBBT,QRKRBYJL,1435706
BEZYMBBT,RAWUKQMJ,3516379
BEZYMBBT,BTMOEMEP,11755342
BEZYMBBT,UXSPKBJR,367805
BEZYMBBT,QJQJSWFU,48565
BEZYMBBT,STZDBITS,20573884
BEZYMBBT,JPBRUTWP,5424357
BEZYMBBT,QVLMOEYE,1013432
BEZYMBBT,XUOIQPFL,3182020
BEZYMBBT,WBLJNPZQ,85467
BEZYMBBT,OXKURKXR,53939
BEZYMBBT,AXULOHBQ,26524
BEZYMBBT,DBWLZWNK,127357
BEZYMBBT,OKMBFVKS,1713552
BEZYMBBT,SDWAYPIK,4711539
BEZYMBBT,UIFPPCLR,38274
BEZYMBBT,APQGTRMF,25632
BEZYMBBT,VBYCLTYZ,361821
BEZYMBBT,GYHKIVQT,7769678
BEZYMBBT,VMAQSTJE,42210
BEZYMBBT,UGEQLMXM,144759
BEZYMBBT,IGDVVKUD,9609
BEZYMBBT,DJBLNPNC,6130
SAAYMURU,DEWLVASR,326111
SAAYMURU,SUOYXCHP,25808
SAAYMURU,RJGPVEXX,524607
SAAYMURU,MBSBZBXA,4931770
SAAYMURU,BJALXPFS,200756
SAAYMURU,STZDBITS,20573884
SAAYMURU,AXULOHBQ,26524
SAAYMURU,KAGJCHMR,4301
SAAYMURU,GKQIJYDH,6208368
SAAYMURU,NAQIHUKZ,2326
SAAYMURU,UQYUIVVR,1521150
SAAYMURU,FWUCPMMW,2071
SAAYMURU,FDXPMYGF,4012
SAAYMURU,XIIEJNEE,1655
QJQJSWFU,AHMDUILJ,70952
QJQJSWFU,RCBZUSIM,3813
QJQJSWFU,WQMVCOEM,10702
QJQJSWFU,LLHREMKS,21125
QJQJSWFU,VWMBASNE,117321
QJQJSWFU,QRKRBYJL,1435706
QJQJSWFU,FRHNWLNI,1427516
QJQJSWFU,BTMOEMEP,11755342
QJQJSWFU,UXSPKBJR,367805
QJQJSWFU,BEZYMBBT,3587566
QJQJSWFU,DUCMGGNW,624045
QJQJSWFU,QVLMOEYE,1013432
QJQJSWFU,OXKURKXR,53939
QJQJSWFU,OKMBFVKS,1713552
QJQJSWFU,OGAFEHLU,9169
QJQJSWFU,SDWAYPIK,4711539
QJQJSWFU,UIFPPCLR,38274
QJQJSWFU,APQGTRMF,25632
QJQJSWFU,VBYCLTYZ,361821
QJQJSWFU,GYHKIVQT,7769678
QJQJSWFU,BUZIIBYG,14460558
QJQJSWFU,JBVHSUWY,323120
QJQJSWFU,MIRCVAMV,11279
QJQJSWFU,DJBLNPNC,6130
EVBVXETX,DEWLVASR,326111
EVBVXETX,RCBZUSIM,3813
EVBVXETX,WQMVCOEM,10702
EVBVXETX,DNMPSKTB,5232002
EVBVXETX,WPQXWHYO,8605777
EVBVXETX,ATLDMDBO,35384485
EVBVXETX,HXYSSRXE,6021273
EVBVXETX,QRKRBYJL,1435706
EVBVXETX,FRHNWLNI,1427516
EVBVXETX,BJALXPFS,200756
EVBVXETX,BTMOEMEP,11755342
EVBVXETX,UXSPKBJR,367805
EVBVXETX,DUCMGGNW,624045
EVBVXETX,JPBRUTWP,5424357
EVBVXETX,QVLMOEYE,1013432
EVBVXETX,WBLJNPZQ,85467
EVBVXETX,AXULOHBQ,26524
EVBVXETX,NZKBIBNU,158995
EVBVXETX,FQCLOEXA,1359834
EVBVXETX,APQGTRMF,25632
EVBVXETX,ZCELVYQU,53674
EVBVXETX,KJNSOAHR,13335695
EVBVXETX,VBYCLTYZ,361821
EVBVXETX,UGEQLMXM,144759
EVBVXETX,BUZIIBYG,14460558
EVBVXETX,AANGBULD,1378397
EVBVXETX,FWUCPMMW,2071
EVBVXETX,IGDVVKUD,9609
EVBVXETX,FDXPMYGF,4012
EVBVXETX,JSLXRQOK,7621
EVBVXETX,XIIEJNEE,1655
EVBVXETX,BLANHGYY,5960
EVBVXETX,DJBLNPNC,6130
DUCMGGNW,RCBZUSIM,3813
DUCMGGNW,SUOYXCHP,25808
DUCMGGNW,HXYSSRXE,6021273
DUCMGGNW,FRHNWLNI,1427516
DUCMGGNW,BJALXPFS,200756
DUCMGGNW,RAWUKQMJ,3516379
DUCMGGNW,UXSPKBJR,367805
DUCMGGNW,DBWLZWNK,127357
DUCMGGNW,OGAFEHLU,9169
DUCMGGNW,ZCELVYQU,53674
DUCMGGNW,QKXNTIIB,3258099
DUCMGGNW,FITUEHWN,96135
DUCMGGNW,BUZIIBYG,14460558
DUCMGGNW,FWUCPMMW,2071
DUCMGGNW,IGDVVKUD,9609
DUCMGGNW,FDXPMYGF,4012
DUCMGGNW,PYZMVUWD,1591
DUCMGGNW,BLANHGYY,5960
DUCMGGNW,DJBLNPNC,6130
OJIFIHMZ,DEWLVASR,326111
OJIFIHMZ,AHMDUILJ,70952
OJIFIHMZ,FTSVTTSR,81037
OJIFIHMZ,RCBZUSIM,3813
OJIFIHMZ,WPQXWHYO,8605777
OJIFIHMZ,UXSPKBJR,367805
OJIFIHMZ,STZDBITS,20573884
OJIFIHMZ,SNHYOVBM,1342222
OJIFIHMZ,JERHKLYW,9552
OJIFIHMZ,OGAFEHLU,9169
OJIFIHMZ,QKXNTIIB,3258099
OJIFIHMZ,VMAQSTJE,42210
OJIFIHMZ,FITUEHWN,96135
OJIFIHMZ,NAQIHUKZ,2326
OJIFIHMZ,HCDTGMST,61519
OJIFIHMZ,JSLXRQOK,7621
OJIFIHMZ,DJBLNPNC,6130
OJIFIHMZ,TGOELCAG,275094
STZDBITS,RCBZUSIM,3813
STZDBITS,OJIFIHMZ,3038558
STZDBITS,LTOYKIML,229330
STZDBITS,ZXERAXWP,8097
STZDBITS,LSOIUSXD,77911
STZDBITS,DBWLZWNK,127357
STZDBITS,FQCLOEXA,1359834
STZDBITS,ZCELVYQU,53674
STZDBITS,KAGJCHMR,4301
STZDBITS,BUZIIBYG,14460558
STZDBITS,JBVHSUWY,323120
STZDBITS,NAQIHUKZ,2326
STZDBITS,AANGBULD,1378397
STZDBITS,FWUCPMMW,2071
STZDBITS,YSYHGLQK,2401
STZDBITS,PYZMVUWD,1591
STZDBITS,JSLXRQOK,7621
STZDBITS,XIIEJNEE,1655
SNHYOVBM,ELQGMQWE,894186
SNHYOVBM,WQMVCOEM,10702
SNHYOVBM,LLHREMKS,21125
SNHYOVBM,FRHNWLNI,1427516
SNHYOVBM,UXSPKBJR,367805
SNHYOVBM,ZXERAXWP,8097
SNHYOVBM,OXKURKXR,53939
SNHYOVBM,DBWLZWNK,127357
SNHYOVBM,OGAFEHLU,9169
SNHYOVBM,QKXNTIIB,3258099
SNHYOVBM,UGEQLMXM,144759
SNHYOVBM,FWUCPMMW,2071
SNHYOVBM,FDXPMYGF,4012
SNHYOVBM,BLANHGYY,5960
SNHYOVBM,DJBLNPNC,6130
LPHPPJUG,DEWLVASR,326111
LPHPPJUG,ELQGMQWE,894186
LPHPPJUG,AHMDUILJ,70952
LPHPPJUG,ZKENOUDA,330566
LPHPPJUG,DDEXPPXU,10732
LPHPPJUG,WPQXWHYO,8605777
LPHPPJUG,RJGPVEXX,524607
LPHPPJUG,FRHNWLNI,1427516
LPHPPJUG,ZGJXVMNI,2723298
LPHPPJUG,EVBVXETX,4813485
LPHPPJUG,ZXERAXWP,8097
LPHPPJUG,NZKBIBNU,158995
LPHPPJUG,FQCLOEXA,1359834
LPHPPJUG,IGDVVKUD,9609
LPHPPJUG,DJBLNPNC,6130
FCYBOAXC,DEWLVASR,326111
FCYBOAXC,VWMBASNE,117321
FCYBOAXC,ATLDMDBO,35384485
FCYBOAXC,FRHNWLNI,1427516
FCYBOAXC,BJALXPFS,200756
FCYBOAXC,BTMOEMEP,11755342
FCYBOAXC,DUCMGGNW,624045
FCYBOAXC,LSOIUSXD,77911
FCYBOAXC,WBLJNPZQ,85467
FCYBOAXC,VUAFAIYJ,945706
FCYBOAXC,QKXNTIIB,3258099
FCYBOAXC,VBYCLTYZ,361821
FCYBOAXC,BUZIIBYG,14460558
FCYBOAXC,NAQIHUKZ,2326
FCYBOAXC,MIRCVAMV,11279
FCYBOAXC,AANGBULD,1378397
FCYBOAXC,FWUCPMMW,2071
FCYBOAXC,IGDVVKUD,9609
FCYBOAXC,JSLXRQOK,7621
FCYBOAXC,XIIEJNEE,1655
FCYBOAXC,BLANHGYY,5960
JPBRUTWP,RCBZUSIM,3813
JPBRUTWP,SUOYXCHP,25808
JPBRUTWP,WQMVCOEM,10702
JPBRUTWP,BSRMSVTC,98990
JPBRUTWP,DNMPSKTB,5232002
JPBRUTWP,VWMBASNE,117321
JPBRUTWP,ATLDMDBO,35384485
JPBRUTWP,HXYSSRXE,6021273
JPBRUTWP,QRKRBYJL,1435706
JPBRUTWP,FRHNWLNI,1427516
JPBRUTWP,RAWUKQMJ,3516379
JPBRUTWP,BTMOEMEP,11755342
JPBRUTWP,UXSPKBJR,367805
JPBRUTWP,BEZYMBBT,3587566
JPBRUTWP,DUCMGGNW,624045
JPBRUTWP,QVLMOEYE,1013432
JPBRUTWP,LSOIUSXD,77911
JPBRUTWP,XUOIQPFL,3182020
JPBRUTWP,WBLJNPZQ,85467
JPBRUTWP,OXKURKXR,53939
JPBRUTWP,AXULOHBQ,26524
JPBRUTWP,DBWLZWNK,127357
JPBRUTWP,OKMBFVKS,1713552
JPBRUTWP,OGAFEHLU,9169
JPBRUTWP,SDWAYPIK,4711539
JPBRUTWP,UIFPPCLR,38274
JPBRUTWP,APQGTRMF,25632
JPBRUTWP,VBYCLTYZ,361821
JPBRUTWP,GYHKIVQT,7769678
JPBRUTWP,ROACSLMG,2115116
JPBRUTWP,VMAQSTJE,42210
JPBRUTWP,UGEQLMXM,144759
JPBRUTWP,JBVHSUWY,323120
JPBRUTWP,WHPUAOID,22196
JPBRUTWP,IGDVVKUD,9609
JPBRUTWP,FDXPMYGF,4012
JPBRUTWP,PYZMVUWD,1591
JPBRUTWP,BLANHGYY,5960
JPBRUTWP,DJBLNPNC,6130
LTOYKIML,DEWLVASR,326111
LTOYKIML,FTSVTTSR,81037
LTOYKIML,SUOYXCHP,25808
LTOYKIML,ZKENOUDA,330566
LTOYKIML,DDEXPPXU,10732
LTOYKIML,LLHREMKS,21125
LTOYKIML,OJIFIHMZ,3038558
LTOYKIML,WBLJNPZQ,85467
LTOYKIML,VUAFAIYJ,945706
LTOYKIML,KEUWZRKO,350313
LTOYKIML,ZCELVYQU,53674
LTOYKIML,QKXNTIIB,3258099
LTOYKIML,GKQIJYDH,6208368
LTOYKIML,NAQIHUKZ,2326
LTOYKIML,MIRCVAMV,11279
LTOYKIML,WHPUAOID,22196
LTOYKIML,PYZMVUWD,1591
LTOYKIML,HCDTGMST,61519
LTOYKIML,JSLXRQOK,7621
LTOYKIML,XIIEJNEE,1655
LTOYKIML,TGOELCAG,275094
QVLMOEYE,RCBZUSIM,3813
QVLMOEYE,WQMVCOEM,10702
QVLMOEYE,BSRMSVTC,98990
QVLMOEYE,DNMPSKTB,5232002
QVLMOEYE,VWMBASNE,117321
QVLMOEYE,ATLDMDBO,35384485
QVLMOEYE,HXYSSRXE,6021273
QVLMOEYE,QRKRBYJL,1435706
QVLMOEYE,FRHNWLNI,1427516
QVLMOEYE,BJALXPFS,200756
QVLMOEYE,RAWUKQMJ,3516379
QVLMOEYE,BTMOEMEP,11755342
QVLMOEYE,UXSPKBJR,367805
QVLMOEYE,BEZYMBBT,3587566
QVLMOEYE,JPBRUTWP,5424357
QVLMOEYE,LSOIUSXD,77911
QVLMOEYE,XUOIQPFL,3182020
QVLMOEYE,WBLJNPZQ,85467
QVLMOEYE,OXKURKXR,53939
QVLMOEYE,AXULOHBQ,26524
QVLMOEYE,DBWLZWNK,127357
QVLMOEYE,OKMBFVKS,1713552
QVLMOEYE,SDWAYPIK,4711539
QVLMOEYE,UIFPPCLR,38274
QVLMOEYE,APQGTRMF,25632
QVLMOEYE,VBYCLTYZ,361821
QVLMOEYE,GYHKIVQT,7769678
QVLMOEYE,ROACSLMG,2115116
QVLMOEYE,UGEQLMXM,144759
QVLMOEYE,FWUCPMMW,2071
QVLMOEYE,IGDVVKUD,9609
QVLMOEYE,FDXPMYGF,4012
QVLMOEYE,BLANHGYY,5960
QVLMOEYE,DJBLNPNC,6130
JERHKLYW,XIPPENFQ,142118
JERHKLYW,FTSVTTSR,81037
JERHKLYW,ZKENOUDA,330566
JERHKLYW,VWMBASNE,117321
JERHKLYW,MBSBZBXA,4931770
JERHKLYW,LPHPPJUG,1364306
JERHKLYW,LTOYKIML,229330
JERHKLYW,VUAFAIYJ,945706
JERHKLYW,KEUWZRKO,350313
JERHKLYW,QKXNTIIB,3258099
JERHKLYW,XIFHSOWQ,59849
JERHKLYW,BUZIIBYG,14460558
JERHKLYW,JBVHSUWY,323120
JERHKLYW,AANGBULD,1378397
JERHKLYW,UQYUIVVR,1521150
JERHKLYW,HCDTGMST,61519
JERHKLYW,TGOELCAG,275094
ZXERAXWP,DEWLVASR,326111
ZXERAXWP,SUOYXCHP,25808
ZXERAXWP,ZKENOUDA,330566
ZXERAXWP,WPQXWHYO,8605777
ZXERAXWP,RJGPVEXX,524607
ZXERAXWP,FRHNWLNI,1427516
ZXERAXWP,LTOYKIML,229330
ZXERAXWP,LSOIUSXD,77911
ZXERAXWP,VUAFAIYJ,945706
ZXERAXWP,KJNSOAHR,13335695
ZXERAXWP,FITUEHWN,96135
ZXERAXWP,NAQIHUKZ,2326
ZXERAXWP,AANGBULD,1378397
ZXERAXWP,WHPUAOID,22196
ZXERAXWP,FWUCPMMW,2071
ZXERAXWP,YSYHGLQK,2401
ZXERAXWP,XIIEJNEE,1655
ZXERAXWP,DJBLNPNC,6130
LSOIUSXD,AHMDUILJ,70952
LSOIUSXD,XIPPENFQ,142118
LSOIUSXD,BSRMSVTC,98990
LSOIUSXD,DNMPSKTB,5232002
LSOIUSXD,VWMBASNE,117321
LSOIUSXD,BJALXPFS,200756
LSOIUSXD,BTMOEMEP,11755342
LSOIUSXD,DUCMGGNW,624045
LSOIUSXD,LTOYKIML,229330
LSOIUSXD,QVLMOEYE,1013432
LSOIUSXD,XUOIQPFL,3182020
LSOIUSXD,WBLJNPZQ,85467
LSOIUSXD,OXKURKXR,53939
LSOIUSXD,AXULOHBQ,26524
LSOIUSXD,VUAFAIYJ,945706
LSOIUSXD,UIFPPCLR,38274
LSOIUSXD,APQGTRMF,25632
LSOIUSXD,QKXNTIIB,3258099
LSOIUSXD,GYHKIVQT,7769678
LSOIUSXD,XIFHSOWQ,59849
LSOIUSXD,JBVHSUWY,323120
LSOIUSXD,NAQIHUKZ,2326
LSOIUSXD,MIRCVAMV,11279
LSOIUSXD,WHPUAOID,22196
LSOIUSXD,FDXPMYGF,4012
LSOIUSXD,BLANHGYY,5960
XUOIQPFL,RCBZUSIM,3813
XUOIQPFL,WQMVCOEM,10702
XUOIQPFL,DNMPSKTB,5232002
XUOIQPFL,VWMBASNE,117321
XUOIQPFL,ATLDMDBO,35384485
XUOIQPFL,HXYSSRXE,6021273
XUOIQPFL,QRKRBYJL,1435706
XUOIQPFL,RAWUKQMJ,3516379
XUOIQPFL,LRVGFDFM,6780076
XUOIQPFL,BTMOEMEP,11755342
XUOIQPFL,UXSPKBJR,367805
XUOIQPFL,BEZYMBBT,3587566
XUOIQPFL,QJQJSWFU,48565
XUOIQPFL,DUCMGGNW,624045
XUOIQPFL,JPBRUTWP,5424357
XUOIQPFL,QVLMOEYE,1013432
XUOIQPFL,LSOIUSXD,77911
XUOIQPFL,WBLJNPZQ,85467
XUOIQPFL,OXKURKXR,53939
XUOIQPFL,DBWLZWNK,127357
XUOIQPFL,OKMBFVKS,1713552
XUOIQPFL,CCLHWFWF,21099597
XUOIQPFL,OGAFEHLU,9169
XUOIQPFL,SDWAYPIK,4711539
XUOIQPFL,UIFPPCLR,38274
XUOIQPFL,APQGTRMF,25632
XUOIQPFL,VBYCLTYZ,361821
XUOIQPFL,GYHKIVQT,7769678
XUOIQPFL,ROACSLMG,2115116
XUOIQPFL,UGEQLMXM,144759
XUOIQPFL,IGDVVKUD,9609
XUOIQPFL,XIIEJNEE,1655
XUOIQPFL,DJBLNPNC,6130
WBLJNPZQ,RCBZUSIM,3813
WBLJNPZQ,BSRMSVTC,98990
WBLJNPZQ,DNMPSKTB,5232002
WBLJNPZQ,ATLDMDBO,35384485
WBLJNPZQ,HXYSSRXE,6021273
WBLJNPZQ,QRKRBYJL,1435706
WBLJNPZQ,BJALXPFS,200756
WBLJNPZQ,RAWUKQMJ,3516379
WBLJNPZQ,LRVGFDFM,6780076
WBLJNPZQ,BTMOEMEP,11755342
WBLJNPZQ,BEZYMBBT,3587566
WBLJNPZQ,QJQJSWFU,48565
WBLJNPZQ,JPBRUTWP,5424357
WBLJNPZQ,QVLMOEYE,1013432
WBLJNPZQ,JERHKLYW,9552
WBLJNPZQ,LSOIUSXD,77911
WBLJNPZQ,XUOIQPFL,3182020
WBLJNPZQ,OXKURKXR,53939
WBLJNPZQ,AXULOHBQ,26524
WBLJNPZQ,DBWLZWNK,127357
WBLJNPZQ,OKMBFVKS,1713552
WBLJNPZQ,CCLHWFWF,21099597
WBLJNPZQ,OGAFEHLU,9169
WBLJNPZQ,SDWAYPIK,4711539
WBLJNPZQ,UIFPPCLR,38274
WBLJNPZQ,KEUWZRKO,350313
WBLJNPZQ,APQGTRMF,25632
WBLJNPZQ,KAGJCHMR,4301
WBLJNPZQ,QKXNTIIB,3258099
WBLJNPZQ,GYHKIVQT,7769678
WBLJNPZQ,VMAQSTJE,42210
WBLJNPZQ,XIFHSOWQ,59849
WBLJNPZQ,UGEQLMXM,144759
WBLJNPZQ,MIRCVAMV,11279
WBLJNPZQ,PYZMVUWD,1591
OXKURKXR,FTSVTTSR,81037
OXKURKXR,RCBZUSIM,3813
OXKURKXR,WQMVCOEM,10702
OXKURKXR,BSRMSVTC,98990
OXKURKXR,DNMPSKTB,5232002
OXKURKXR,ATLDMDBO,35384485
OXKURKXR,HXYSSRXE,6021273
OXKURKXR,QRKRBYJL,1435706
OXKURKXR,BJALXPFS,200756
OXKURKXR,RAWUKQMJ,3516379
OXKURKXR,BTMOEMEP,11755342
OXKURKXR,BEZYMBBT,3587566
OXKURKXR,OJIFIHMZ,3038558
OXKURKXR,JPBRUTWP,5424357
OXKURKXR,LTOYKIML,229330
OXKURKXR,QVLMOEYE,1013432
OXKURKXR,LSOIUSXD,77911
OXKURKXR,XUOIQPFL,3182020
OXKURKXR,WBLJNPZQ,85467
OXKURKXR,AXULOHBQ,26524
OXKURKXR,DBWLZWNK,127357
OXKURKXR,OKMBFVKS,1713552
OXKURKXR,SDWAYPIK,4711539
OXKURKXR,UIFPPCLR,38274
OXKURKXR,APQGTRMF,25632
OXKURKXR,VBYCLTYZ,361821
OXKURKXR,GYHKIVQT,7769678
OXKURKXR,VMAQSTJE,42210
OXKURKXR,UGEQLMXM,144759
OXKURKXR,JBVHSUWY,323120
OXKURKXR,NAQIHUKZ,2326
OXKURKXR,FWUCPMMW,2071
OXKURKXR,IGDVVKUD,9609
OXKURKXR,FDXPMYGF,4012
OXKURKXR,JSLXRQOK,7621
OXKURKXR,XIIEJNEE,1655
OXKURKXR,BLANHGYY,5960
OXKURKXR,DJBLNPNC,6130
OXKURKXR,TGOELCAG,275094
AXULOHBQ,SUOYXCHP,25808
AXULOHBQ,BSRMSVTC,98990
AXULOHBQ,DNMPSKTB,5232002
AXULOHBQ,VWMBASNE,117321
AXULOHBQ,SAHWCZNH,2427804
AXULOHBQ,LUENUFGA,6158912
AXULOHBQ,HXYSSRXE,6021273
AXULOHBQ,BJALXPFS,200756
AXULOHBQ,LRVGFDFM,6780076
AXULOHBQ,QJQJSWFU,48565
AXULOHBQ,XUOIQPFL,3182020
AXULOHBQ,WBLJNPZQ,85467
AXULOHBQ,OKMBFVKS,1713552
AXULOHBQ,OGAFEHLU,9169
AXULOHBQ,KEUWZRKO,350313
AXULOHBQ,GYHKIVQT,7769678
AXULOHBQ,VMAQSTJE,42210
AXULOHBQ,XIFHSOWQ,59849
AXULOHBQ,JBVHSUWY,323120
AXULOHBQ,MIRCVAMV,11279
AXULOHBQ,FDXPMYGF,4012
AXULOHBQ,PYZMVUWD,1591
AXULOHBQ,HCDTGMST,61519
AXULOHBQ,BLANHGYY,5960
AXULOHBQ,TGOELCAG,275094
DBWLZWNK,AHMDUILJ,70952
DBWLZWNK,XMKRPGLB,1281150
DBWLZWNK,RCBZUSIM,3813
DBWLZWNK,WQMVCOEM,10702
DBWLZWNK,DNMPSKTB,5232002
DBWLZWNK,VWMBASNE,117321
DBWLZWNK,ATLDMDBO,35384485
DBWLZWNK,HXYSSRXE,6021273
DBWLZWNK,QRKRBYJL,1435706
DBWLZWNK,FRHNWLNI,1427516
DBWLZWNK,BJALXPFS,200756
DBWLZWNK,RAWUKQMJ,3516379
DBWLZWNK,LRVGFDFM,6780076
DBWLZWNK,BTMOEMEP,11755342
DBWLZWNK,UXSPKBJR,367805
DBWLZWNK,BEZYMBBT,3587566
DBWLZWNK,EVBVXETX,4813485
DBWLZWNK,DUCMGGNW,624045
DBWLZWNK,JPBRUTWP,5424357
DBWLZWNK,QVLMOEYE,1013432
DBWLZWNK,LSOIUSXD,77911
DBWLZWNK,XUOIQPFL,3182020
DBWLZWNK,OXKURKXR,53939
DBWLZWNK,AXULOHBQ,26524
DBWLZWNK,NZKBIBNU,158995
DBWLZWNK,OKMBFVKS,1713552
DBWLZWNK,SDWAYPIK,4711539
DBWLZWNK,UIFPPCLR,38274
DBWLZWNK,APQGTRMF,25632
DBWLZWNK,VBYCLTYZ,361821
DBWLZWNK,GYHKIVQT,7769678
DBWLZWNK,ROACSLMG,2115116
DBWLZWNK,JBVHSUWY,323120
DBWLZWNK,NAQIHUKZ,2326
DBWLZWNK,WHPUAOID,22196
DBWLZWNK,FWUCPMMW,2071
DBWLZWNK,IGDVVKUD,9609
DBWLZWNK,JSLXRQOK,7621
DBWLZWNK,BLANHGYY,5960
DBWLZWNK,DJBLNPNC,6130
NZKBIBNU,DEWLVASR,326111
NZKBIBNU,ELQGMQWE,894186
NZKBIBNU,FTSVTTSR,81037
NZKBIBNU,RCBZUSIM,3813
NZKBIBNU,SUOYXCHP,25808
NZKBIBNU,ZKENOUDA,330566
NZKBIBNU,WQMVCOEM,10702
NZKBIBNU,WPQXWHYO,8605777
NZKBIBNU,RJGPVEXX,524607
NZKBIBNU,FRHNWLNI,1427516
NZKBIBNU,EVBVXETX,4813485
NZKBIBNU,DUCMGGNW,624045
NZKBIBNU,LTOYKIML,229330
NZKBIBNU,ZXERAXWP,8097
NZKBIBNU,VUAFAIYJ,945706
NZKBIBNU,ZCELVYQU,53674
NZKBIBNU,KJNSOAHR,13335695
NZKBIBNU,FITUEHWN,96135
NZKBIBNU,NAQIHUKZ,2326
NZKBIBNU,AANGBULD,1378397
NZKBIBNU,WHPUAOID,22196
NZKBIBNU,FWUCPMMW,2071
NZKBIBNU,FDXPMYGF,4012
NZKBIBNU,JSLXRQOK,7621
NZKBIBNU,XIIEJNEE,1655
NZKBIBNU,DJBLNPNC,6130
OKMBFVKS,XMKRPGLB,1281150
OKMBFVKS,RCBZUSIM,3813
OKMBFVKS,BSRMSVTC,98990
OKMBFVKS,DNMPSKTB,5232002
OKMBFVKS,VWMBASNE,117321
OKMBFVKS,ATLDMDBO,35384485
OKMBFVKS,QRKRBYJL,1435706
OKMBFVKS,FRHNWLNI,1427516
OKMBFVKS,BJALXPFS,200756
OKMBFVKS,RAWUKQMJ,3516379
OKMBFVKS,BTMOEMEP,11755342
OKMBFVKS,UXSPKBJR,367805
OKMBFVKS,BEZYMBBT,3587566
OKMBFVKS,QJQJSWFU,48565
OKMBFVKS,JPBRUTWP,5424357
OKMBFVKS,QVLMOEYE,1013432
OKMBFVKS,XUOIQPFL,3182020
OKMBFVKS,WBLJNPZQ,85467
OKMBFVKS,OXKURKXR,53939
OKMBFVKS,AXULOHBQ,26524
OKMBFVKS,DBWLZWNK,127357
OKMBFVKS,OGAFEHLU,9169
OKMBFVKS,SDWAYPIK,4711539
OKMBFVKS,UIFPPCLR,38274
OKMBFVKS,APQGTRMF,25632
OKMBFVKS,GYHKIVQT,7769678
OKMBFVKS,ROACSLMG,2115116
OKMBFVKS,VMAQSTJE,42210
OKMBFVKS,UGEQLMXM,144759
OKMBFVKS,IGDVVKUD,9609
OKMBFVKS,FDXPMYGF,4012
OKMBFVKS,PYZMVUWD,1591
OKMBFVKS,XIIEJNEE,1655
OKMBFVKS,BLANHGYY,5960
OKMBFVKS,DJBLNPNC,6130
VUAFAIYJ,DEWLVASR,326111
VUAFAIYJ,ELQGMQWE,894186
VUAFAIYJ,FTSVTTSR,81037
VUAFAIYJ,LLHREMKS,21125
VUAFAIYJ,LRVGFDFM,6780076
VUAFAIYJ,ZXERAXWP,8097
VUAFAIYJ,WBLJNPZQ,85467
VUAFAIYJ,CCLHWFWF,21099597
VUAFAIYJ,ZCELVYQU,53674
VUAFAIYJ,KAGJCHMR,4301
VUAFAIYJ,KJNSOAHR,13335695
VUAFAIYJ,MIRCVAMV,11279
VUAFAIYJ,AANGBULD,1378397
VUAFAIYJ,WHPUAOID,22196
VUAFAIYJ,UQYUIVVR,1521150
VUAFAIYJ,FDXPMYGF,4012
VUAFAIYJ,TGOELCAG,275094
CCLHWFWF,VWMBASNE,117321
CCLHWFWF,LRVGFDFM,6780076
CCLHWFWF,FCYBOAXC,113463661
CCLHWFWF,JPBRUTWP,5424357
CCLHWFWF,LTOYKIML,229330
CCLHWFWF,QVLMOEYE,1013432
CCLHWFWF,LSOIUSXD,77911
CCLHWFWF,XUOIQPFL,3182020
CCLHWFWF,DBWLZWNK,127357
CCLHWFWF,NZKBIBNU,158995
CCLHWFWF,VUAFAIYJ,945706
CCLHWFWF,OGAFEHLU,9169
CCLHWFWF,SDWAYPIK,4711539
CCLHWFWF,FQCLOEXA,1359834
CCLHWFWF,ZCELVYQU,53674
CCLHWFWF,QKXNTIIB,3258099
CCLHWFWF,VBYCLTYZ,361821
CCLHWFWF,FITUEHWN,96135
CCLHWFWF,UGEQLMXM,144759
CCLHWFWF,BUZIIBYG,14460558
CCLHWFWF,JBVHSUWY,323120
CCLHWFWF,AANGBULD,1378397
CCLHWFWF,WHPUAOID,22196
CCLHWFWF,FWUCPMMW,2071
CCLHWFWF,IGDVVKUD,9609
CCLHWFWF,JSLXRQOK,7621
OGAFEHLU,AHMDUILJ,70952
OGAFEHLU,XIPPENFQ,142118
OGAFEHLU,RCBZUSIM,3813
OGAFEHLU,WQMVCOEM,10702
OGAFEHLU,DNMPSKTB,5232002
OGAFEHLU,VWMBASNE,117321
OGAFEHLU,ATLDMDBO,35384485
OGAFEHLU,QRKRBYJL,1435706
OGAFEHLU,FRHNWLNI,1427516
OGAFEHLU,BJALXPFS,200756
OGAFEHLU,LRVGFDFM,6780076
OGAFEHLU,BTMOEMEP,11755342
OGAFEHLU,UXSPKBJR,367805
OGAFEHLU,BEZYMBBT,3587566
OGAFEHLU,QJQJSWFU,48565
OGAFEHLU,DUCMGGNW,624045
OGAFEHLU,FCYBOAXC,113463661
OGAFEHLU,JPBRUTWP,5424357
OGAFEHLU,QVLMOEYE,1013432
OGAFEHLU,LSOIUSXD,77911
OGAFEHLU,XUOIQPFL,3182020
OGAFEHLU,WBLJNPZQ,85467
OGAFEHLU,OXKURKXR,53939
OGAFEHLU,DBWLZWNK,127357
OGAFEHLU,OKMBFVKS,1713552
OGAFEHLU,SDWAYPIK,4711539
OGAFEHLU,UIFPPCLR,38274
OGAFEHLU,APQGTRMF,25632
OGAFEHLU,VBYCLTYZ,361821
OGAFEHLU,GYHKIVQT,7769678
OGAFEHLU,ROACSLMG,2115116
OGAFEHLU,VMAQSTJE,42210
OGAFEHLU,XIFHSOWQ,59849
OGAFEHLU,UGEQLMXM,144759
OGAFEHLU,BUZIIBYG,14460558
OGAFEHLU,JBVHSUWY,323120
OGAFEHLU,MIRCVAMV,11279
OGAFEHLU,FWUCPMMW,2071
OGAFEHLU,IGDVVKUD,9609
OGAFEHLU,PYZMVUWD,1591
OGAFEHLU,XIIEJNEE,1655
OGAFEHLU,DJBLNPNC,6130
SDWAYPIK,AHMDUILJ,70952
SDWAYPIK,RCBZUSIM,3813
SDWAYPIK,WQMVCOEM,10702
SDWAYPIK,DNMPSKTB,5232002
SDWAYPIK,VWMBASNE,117321
SDWAYPIK,ATLDMDBO,35384485
SDWAYPIK,HXYSSRXE,6021273
SDWAYPIK,QRKRBYJL,1435706
SDWAYPIK,FRHNWLNI,1427516
SDWAYPIK,BJALXPFS,200756
SDWAYPIK,RAWUKQMJ,3516379
SDWAYPIK,LRVGFDFM,6780076
SDWAYPIK,BTMOEMEP,11755342
SDWAYPIK,UXSPKBJR,367805
SDWAYPIK,BEZYMBBT,3587566
SDWAYPIK,QJQJSWFU,48565
SDWAYPIK,DUCMGGNW,624045
SDWAYPIK,JPBRUTWP,5424357
SDWAYPIK,QVLMOEYE,1013432
SDWAYPIK,LSOIUSXD,77911
SDWAYPIK,XUOIQPFL,3182020
SDWAYPIK,WBLJNPZQ,85467
SDWAYPIK,OXKURKXR,53939
SDWAYPIK,AXULOHBQ,26524
SDWAYPIK,DBWLZWNK,127357
SDWAYPIK,OKMBFVKS,1713552
SDWAYPIK,OGAFEHLU,9169
SDWAYPIK,UIFPPCLR,38274
SDWAYPIK,APQGTRMF,25632
SDWAYPIK,VBYCLTYZ,361821
SDWAYPIK,GYHKIVQT,7769678
SDWAYPIK,ROACSLMG,2115116
SDWAYPIK,VMAQSTJE,42210
SDWAYPIK,UGEQLMXM,144759
SDWAYPIK,JBVHSUWY,323120
SDWAYPIK,IGDVVKUD,9609
SDWAYPIK,FDXPMYGF,4012
SDWAYPIK,XIIEJNEE,1655
SDWAYPIK,BLANHGYY,5960
SDWAYPIK,DJBLNPNC,6130
UIFPPCLR,RCBZUSIM,3813
UIFPPCLR,WQMVCOEM,10702
UIFPPCLR,DNMPSKTB,5232002
UIFPPCLR,ATLDMDBO,35384485
UIFPPCLR,HXYSSRXE,6021273
UIFPPCLR,QRKRBYJL,1435706
UIFPPCLR,FRHNWLNI,1427516
UIFPPCLR,RAWUKQMJ,3516379
UIFPPCLR,UXSPKBJR,367805
UIFPPCLR,BEZYMBBT,3587566
UIFPPCLR,DUCMGGNW,624045
UIFPPCLR,JPBRUTWP,5424357
UIFPPCLR,QVLMOEYE,1013432
UIFPPCLR,XUOIQPFL,3182020
UIFPPCLR,WBLJNPZQ,85467
UIFPPCLR,DBWLZWNK,127357
UIFPPCLR,OKMBFVKS,1713552
UIFPPCLR,OGAFEHLU,9169
UIFPPCLR,SDWAYPIK,4711539
UIFPPCLR,APQGTRMF,25632
UIFPPCLR,VBYCLTYZ,361821
UIFPPCLR,GYHKIVQT,7769678
UIFPPCLR,VMAQSTJE,42210
UIFPPCLR,UGEQLMXM,144759
UIFPPCLR,JBVHSUWY,323120
UIFPPCLR,NAQIHUKZ,2326
UIFPPCLR,IGDVVKUD,9609
UIFPPCLR,FDXPMYGF,4012
UIFPPCLR,DJBLNPNC,6130
KEUWZRKO,XIPPENFQ,142118
KEUWZRKO,VWMBASNE,117321
KEUWZRKO,SAHWCZNH,2427804
KEUWZRKO,LUENUFGA,6158912
KEUWZRKO,ZGJXVMNI,2723298
KEUWZRKO,QJQJSWFU,48565
KEUWZRKO,UIFPPCLR,38274
KEUWZRKO,XIFHSOWQ,59849
KEUWZRKO,JBVHSUWY,323120
KEUWZRKO,MIRCVAMV,11279
KEUWZRKO,PYZMVUWD,1591
KEUWZRKO,HCDTGMST,61519
KEUWZRKO,TGOELCAG,275094
FQCLOEXA,DEWLVASR,326111
FQCLOEXA,AHMDUILJ,70952
FQCLOEXA,ZKENOUDA,330566
FQCLOEXA,WQMVCOEM,10702
FQCLOEXA,LLHREMKS,21125
FQCLOEXA,WPQXWHYO,8605777
FQCLOEXA,RJGPVEXX,524607
FQCLOEXA,FRHNWLNI,1427516
FQCLOEXA,UXSPKBJR,367805
FQCLOEXA,SAAYMURU,19487
FQCLOEXA,EVBVXETX,4813485
FQCLOEXA,DUCMGGNW,624045
FQCLOEXA,SNHYOVBM,1342222
FQCLOEXA,QVLMOEYE,1013432
FQCLOEXA,ZXERAXWP,8097
FQCLOEXA,NZKBIBNU,158995
FQCLOEXA,ZCELVYQU,53674
FQCLOEXA,KAGJCHMR,4301
FQCLOEXA,KJNSOAHR,13335695
FQCLOEXA,VBYCLTYZ,361821
FQCLOEXA,FITUEHWN,96135
FQCLOEXA,BUZIIBYG,14460558
FQCLOEXA,AANGBULD,1378397
FQCLOEXA,IGDVVKUD,9609
FQCLOEXA,YSYHGLQK,2401
FQCLOEXA,JSLXRQOK,7621
FQCLOEXA,XIIEJNEE,1655
FQCLOEXA,DJBLNPNC,6130
APQGTRMF,XMKRPGLB,1281150
APQGTRMF,RCBZUSIM,3813
APQGTRMF,SUOYXCHP,25808
APQGTRMF,BSRMSVTC,98990
APQGTRMF,DNMPSKTB,5232002
APQGTRMF,ATLDMDBO,35384485
APQGTRMF,HXYSSRXE,6021273
APQGTRMF,QRKRBYJL,1435706
APQGTRMF,FRHNWLNI,1427516
APQGTRMF,BJALXPFS,200756
APQGTRMF,RAWUKQMJ,3516379
APQGTRMF,BTMOEMEP,11755342
APQGTRMF,BEZYMBBT,3587566
APQGTRMF,DUCMGGNW,624045
APQGTRMF,SNHYOVBM,1342222
APQGTRMF,JPBRUTWP,5424357
APQGTRMF,QVLMOEYE,1013432
APQGTRMF,XUOIQPFL,3182020
APQGTRMF,WBLJNPZQ,85467
APQGTRMF,OXKURKXR,53939
APQGTRMF,AXULOHBQ,26524
APQGTRMF,DBWLZWNK,127357
APQGTRMF,OKMBFVKS,1713552
APQGTRMF,OGAFEHLU,9169
APQGTRMF,SDWAYPIK,4711539
APQGTRMF,UIFPPCLR,38274
APQGTRMF,VBYCLTYZ,361821
APQGTRMF,GYHKIVQT,7769678
APQGTRMF,ROACSLMG,2115116
APQGTRMF,VMAQSTJE,42210
APQGTRMF,WHPUAOID,22196
APQGTRMF,IGDVVKUD,9609
APQGTRMF,FDXPMYGF,4012
APQGTRMF,BLANHGYY,5960
APQGTRMF,DJBLNPNC,6130
APQGTRMF,TGOELCAG,275094
ZCELVYQU,ELQGMQWE,894186
ZCELVYQU,DNMPSKTB,5232002
ZCELVYQU,WPQXWHYO,8605777
ZCELVYQU,ATLDMDBO,35384485
ZCELVYQU,MBSBZBXA,4931770
ZCELVYQU,BJALXPFS,200756
ZCELVYQU,RAWUKQMJ,3516379
ZCELVYQU,BTMOEMEP,11755342
ZCELVYQU,FCYBOAXC,113463661
ZCELVYQU,ZXERAXWP,8097
ZCELVYQU,LSOIUSXD,77911
ZCELVYQU,WBLJNPZQ,85467
ZCELVYQU,OXKURKXR,53939
ZCELVYQU,AXULOHBQ,26524
ZCELVYQU,KJNSOAHR,13335695
ZCELVYQU,GKQIJYDH,6208368
ZCELVYQU,VBYCLTYZ,361821
ZCELVYQU,UGEQLMXM,144759
ZCELVYQU,AANGBULD,1378397
ZCELVYQU,FWUCPMMW,2071
ZCELVYQU,IGDVVKUD,9609
ZCELVYQU,FDXPMYGF,4012
ZCELVYQU,YSYHGLQK,2401
ZCELVYQU,XIIEJNEE,1655
ZCELVYQU,BLANHGYY,5960
ZCELVYQU,DJBLNPNC,6130
KAGJCHMR,FTSVTTSR,81037
KAGJCHMR,ZKENOUDA,330566
KAGJCHMR,DDEXPPXU,10732
KAGJCHMR,LLHREMKS,21125
KAGJCHMR,WPQXWHYO,8605777
KAGJCHMR,RJGPVEXX,524607
KAGJCHMR,ZGJXVMNI,2723298
KAGJCHMR,LPHPPJUG,1364306
KAGJCHMR,LTOYKIML,229330
KAGJCHMR,JERHKLYW,9552
KAGJCHMR,ZXERAXWP,8097
KAGJCHMR,LSOIUSXD,77911
KAGJCHMR,NZKBIBNU,158995
KAGJCHMR,FQCLOEXA,1359834
KAGJCHMR,KJNSOAHR,13335695
KAGJCHMR,QKXNTIIB,3258099
KAGJCHMR,GKQIJYDH,6208368
KAGJCHMR,BUZIIBYG,14460558
KAGJCHMR,NAQIHUKZ,2326
KAGJCHMR,AANGBULD,1378397
KAGJCHMR,FWUCPMMW,2071
KAGJCHMR,JSLXRQOK,7621
KJNSOAHR,RCBZUSIM,3813
KJNSOAHR,SUOYXCHP,25808
KJNSOAHR,WQMVCOEM,10702
KJNSOAHR,DDEXPPXU,10732
KJNSOAHR,LLHREMKS,21125
KJNSOAHR,ATLDMDBO,35384485
KJNSOAHR,QRKRBYJL,1435706
KJNSOAHR,LRVGFDFM,6780076
KJNSOAHR,BTMOEMEP,11755342
KJNSOAHR,EVBVXETX,4813485
KJNSOAHR,FCYBOAXC,113463661
KJNSOAHR,QVLMOEYE,1013432
KJNSOAHR,ZXERAXWP,8097
KJNSOAHR,LSOIUSXD,77911
KJNSOAHR,OGAFEHLU,9169
KJNSOAHR,SDWAYPIK,4711539
KJNSOAHR,FQCLOEXA,1359834
KJNSOAHR,ZCELVYQU,53674
KJNSOAHR,GKQIJYDH,6208368
KJNSOAHR,VBYCLTYZ,361821
KJNSOAHR,ROACSLMG,2115116
KJNSOAHR,FITUEHWN,96135
KJNSOAHR,UGEQLMXM,144759
KJNSOAHR,BUZIIBYG,14460558
KJNSOAHR,AANGBULD,1378397
KJNSOAHR,IGDVVKUD,9609
KJNSOAHR,XIIEJNEE,1655
KJNSOAHR,DJBLNPNC,6130
QKXNTIIB,ELQGMQWE,894186
QKXNTIIB,XIPPENFQ,142118
QKXNTIIB,FTSVTTSR,81037
QKXNTIIB,QJQJSWFU,48565
QKXNTIIB,SNHYOVBM,1342222
QKXNTIIB,LTOYKIML,229330
QKXNTIIB,WBLJNPZQ,85467
QKXNTIIB,OGAFEHLU,9169
QKXNTIIB,KEUWZRKO,350313
QKXNTIIB,APQGTRMF,25632
QKXNTIIB,NAQIHUKZ,2326
QKXNTIIB,AANGBULD,1378397
QKXNTIIB,UQYUIVVR,1521150
QKXNTIIB,JSLXRQOK,7621
QKXNTIIB,XIIEJNEE,1655
QKXNTIIB,BLANHGYY,5960
QKXNTIIB,TGOELCAG,275094
GKQIJYDH,ELQGMQWE,894186
GKQIJYDH,SUOYXCHP,25808
GKQIJYDH,LLHREMKS,21125
GKQIJYDH,BJALXPFS,200756
GKQIJYDH,ZXERAXWP,8097
GKQIJYDH,OXKURKXR,53939
GKQIJYDH,AXULOHBQ,26524
GKQIJYDH,ZCELVYQU,53674
GKQIJYDH,JBVHSUWY,323120
GKQIJYDH,AANGBULD,1378397
GKQIJYDH,UQYUIVVR,1521150
GKQIJYDH,FWUCPMMW,2071
GKQIJYDH,FDXPMYGF,4012
GKQIJYDH,YSYHGLQK,2401
GKQIJYDH,DJBLNPNC,6130
VBYCLTYZ,AHMDUILJ,70952
VBYCLTYZ,RCBZUSIM,3813
VBYCLTYZ,WQMVCOEM,10702
VBYCLTYZ,DNMPSKTB,5232002
VBYCLTYZ,ATLDMDBO,35384485
VBYCLTYZ,HXYSSRXE,6021273
VBYCLTYZ,QRKRBYJL,1435706
VBYCLTYZ,FRHNWLNI,1427516
VBYCLTYZ,BJALXPFS,200756
VBYCLTYZ,RAWUKQMJ,3516379
VBYCLTYZ,BTMOEMEP,11755342
VBYCLTYZ,UXSPKBJR,367805
VBYCLTYZ,BEZYMBBT,3587566
VBYCLTYZ,DUCMGGNW,624045
VBYCLTYZ,JPBRUTWP,5424357
VBYCLTYZ,QVLMOEYE,1013432
VBYCLTYZ,LSOIUSXD,77911
VBYCLTYZ,XUOIQPFL,3182020
VBYCLTYZ,WBLJNPZQ,85467
VBYCLTYZ,OXKURKXR,53939
VBYCLTYZ,AXULOHBQ,26524
VBYCLTYZ,DBWLZWNK,127357
VBYCLTYZ,OKMBFVKS,1713552
VBYCLTYZ,SDWAYPIK,4711539
VBYCLTYZ,UIFPPCLR,38274
VBYCLTYZ,APQGTRMF,25632
VBYCLTYZ,ZCELVYQU,53674
VBYCLTYZ,GYHKIVQT,7769678
VBYCLTYZ,UGEQLMXM,144759
VBYCLTYZ,BUZIIBYG,14460558
VBYCLTYZ,WHPUAOID,22196
VBYCLTYZ,IGDVVKUD,9609
VBYCLTYZ,FDXPMYGF,4012
VBYCLTYZ,XIIEJNEE,1655
VBYCLTYZ,BLANHGYY,5960
VBYCLTYZ,DJBLNPNC,6130
GYHKIVQT,RCBZUSIM,3813
GYHKIVQT,BSRMSVTC,98990
GYHKIVQT,DNMPSKTB,5232002
GYHKIVQT,VWMBASNE,117321
GYHKIVQT,ATLDMDBO,35384485
GYHKIVQT,SAHWCZNH,2427804
GYHKIVQT,LUENUFGA,6158912
GYHKIVQT,HXYSSRXE,6021273
GYHKIVQT,QRKRBYJL,1435706
GYHKIVQT,BJALXPFS,200756
GYHKIVQT,RAWUKQMJ,3516379
GYHKIVQT,BTMOEMEP,11755342
GYHKIVQT,BEZYMBBT,3587566
GYHKIVQT,JPBRUTWP,5424357
GYHKIVQT,QVLMOEYE,1013432
GYHKIVQT,XUOIQPFL,3182020
GYHKIVQT,WBLJNPZQ,85467
GYHKIVQT,AXULOHBQ,26524
GYHKIVQT,OKMBFVKS,1713552
GYHKIVQT,OGAFEHLU,9169
GYHKIVQT,SDWAYPIK,4711539
GYHKIVQT,UIFPPCLR,38274
GYHKIVQT,KEUWZRKO,350313
GYHKIVQT,APQGTRMF,25632
GYHKIVQT,VBYCLTYZ,361821
GYHKIVQT,VMAQSTJE,42210
GYHKIVQT,XIFHSOWQ,59849
GYHKIVQT,UGEQLMXM,144759
GYHKIVQT,JBVHSUWY,323120
GYHKIVQT,MIRCVAMV,11279
GYHKIVQT,FDXPMYGF,4012
GYHKIVQT,PYZMVUWD,1591
GYHKIVQT,BLANHGYY,5960
GYHKIVQT,DJBLNPNC,6130
ROACSLMG,AHMDUILJ,70952
ROACSLMG,RCBZUSIM,3813
ROACSLMG,WQMVCOEM,10702
ROACSLMG,DNMPSKTB,5232002
ROACSLMG,ATLDMDBO,35384485
ROACSLMG,HXYSSRXE,6021273
ROACSLMG,QRKRBYJL,1435706
ROACSLMG,FRHNWLNI,1427516
ROACSLMG,RAWUKQMJ,3516379
ROACSLMG,BTMOEMEP,11755342
ROACSLMG,UXSPKBJR,367805
ROACSLMG,BEZYMBBT,3587566
ROACSLMG,DUCMGGNW,624045
ROACSLMG,SNHYOVBM,1342222
ROACSLMG,JPBRUTWP,5424357
ROACSLMG,QVLMOEYE,1013432
ROACSLMG,XUOIQPFL,3182020
ROACSLMG,OXKURKXR,53939
ROACSLMG,APQGTRMF,25632
ROACSLMG,VBYCLTYZ,361821
ROACSLMG,GYHKIVQT,7769678
ROACSLMG,VMAQSTJE,42210
ROACSLMG,WHPUAOID,22196
ROACSLMG,FWUCPMMW,2071
ROACSLMG,IGDVVKUD,9609
ROACSLMG,FDXPMYGF,4012
ROACSLMG,PYZMVUWD,1591
ROACSLMG,XIIEJNEE,1655
ROACSLMG,BLANHGYY,5960
ROACSLMG,DJBLNPNC,6130
VMAQSTJE,AHMDUILJ,70952
VMAQSTJE,RCBZUSIM,3813
VMAQSTJE,VWMBASNE,117321
VMAQSTJE,SAHWCZNH,2427804
VMAQSTJE,LUENUFGA,6158912
VMAQSTJE,MBSBZBXA,4931770
VMAQSTJE,BTMOEMEP,11755342
VMAQSTJE,BEZYMBBT,3587566
VMAQSTJE,OJIFIHMZ,3038558
VMAQSTJE,STZDBITS,20573884
VMAQSTJE,SNHYOVBM,1342222
VMAQSTJE,JPBRUTWP,5424357
VMAQSTJE,JERHKLYW,9552
VMAQSTJE,LSOIUSXD,77911
VMAQSTJE,XUOIQPFL,3182020
VMAQSTJE,OGAFEHLU,9169
VMAQSTJE,SDWAYPIK,4711539
VMAQSTJE,UIFPPCLR,38274
VMAQSTJE,KEUWZRKO,350313
VMAQSTJE,GYHKIVQT,7769678
VMAQSTJE,XIFHSOWQ,59849
VMAQSTJE,JBVHSUWY,323120
VMAQSTJE,PYZMVUWD,1591
XIFHSOWQ,AHMDUILJ,70952
XIFHSOWQ,XIPPENFQ,142118
XIFHSOWQ,VWMBASNE,117321
XIFHSOWQ,SAHWCZNH,2427804
XIFHSOWQ,LUENUFGA,6158912
XIFHSOWQ,BEZYMBBT,3587566
XIFHSOWQ,KEUWZRKO,350313
XIFHSOWQ,JBVHSUWY,323120
XIFHSOWQ,MIRCVAMV,11279
XIFHSOWQ,PYZMVUWD,1591
FITUEHWN,DEWLVASR,326111
FITUEHWN,RCBZUSIM,3813
FITUEHWN,SUOYXCHP,25808
FITUEHWN,MBSBZBXA,4931770
FITUEHWN,BJALXPFS,200756
FITUEHWN,SAAYMURU,19487
FITUEHWN,STZDBITS,20573884
FITUEHWN,LSOIUSXD,77911
FITUEHWN,AXULOHBQ,26524
FITUEHWN,ZCELVYQU,53674
FITUEHWN,KJNSOAHR,13335695
FITUEHWN,GKQIJYDH,6208368
FITUEHWN,UGEQLMXM,144759
FITUEHWN,FWUCPMMW,2071
FITUEHWN,FDXPMYGF,4012
FITUEHWN,XIIEJNEE,1655
FITUEHWN,DJBLNPNC,6130
UGEQLMXM,RCBZUSIM,3813
UGEQLMXM,SUOYXCHP,25808
UGEQLMXM,DNMPSKTB,5232002
UGEQLMXM,VWMBASNE,117321
UGEQLMXM,ATLDMDBO,35384485
UGEQLMXM,HXYSSRXE,6021273
UGEQLMXM,QRKRBYJL,1435706
UGEQLMXM,RAWUKQMJ,3516379
UGEQLMXM,LRVGFDFM,6780076
UGEQLMXM,BTMOEMEP,11755342
UGEQLMXM,UXSPKBJR,367805
UGEQLMXM,BEZYMBBT,3587566
UGEQLMXM,DUCMGGNW,624045
UGEQLMXM,SNHYOVBM,1342222
UGEQLMXM,JPBRUTWP,5424357
UGEQLMXM,QVLMOEYE,1013432
UGEQLMXM,LSOIUSXD,77911
UGEQLMXM,XUOIQPFL,3182020
UGEQLMXM,WBLJNPZQ,85467
UGEQLMXM,OXKURKXR,53939
UGEQLMXM,AXULOHBQ,26524
UGEQLMXM,DBWLZWNK,127357
UGEQLMXM,OKMBFVKS,1713552
UGEQLMXM,OGAFEHLU,9169
UGEQLMXM,SDWAYPIK,4711539
UGEQLMXM,UIFPPCLR,38274
UGEQLMXM,APQGTRMF,25632
UGEQLMXM,GKQIJYDH,6208368
UGEQLMXM,VBYCLTYZ,361821
UGEQLMXM,GYHKIVQT,7769678
UGEQLMXM,ROACSLMG,2115116
UGEQLMXM,VMAQSTJE,42210
UGEQLMXM,JBVHSUWY,323120
UGEQLMXM,WHPUAOID,22196
UGEQLMXM,FWUCPMMW,2071
UGEQLMXM,IGDVVKUD,9609
UGEQLMXM,XIIEJNEE,1655
UGEQLMXM,BLANHGYY,5960
UGEQLMXM,DJBLNPNC,6130
BUZIIBYG,RCBZUSIM,3813
BUZIIBYG,WQMVCOEM,10702
BUZIIBYG,WPQXWHYO,8605777
BUZIIBYG,RJGPVEXX,524607
BUZIIBYG,FRHNWLNI,1427516
BUZIIBYG,BJALXPFS,200756
BUZIIBYG,BTMOEMEP,11755342
BUZIIBYG,UXSPKBJR,367805
BUZIIBYG,EVBVXETX,4813485
BUZIIBYG,ZXERAXWP,8097
BUZIIBYG,AXULOHBQ,26524
BUZIIBYG,ZCELVYQU,53674
BUZIIBYG,NAQIHUKZ,2326
BUZIIBYG,AANGBULD,1378397
BUZIIBYG,WHPUAOID,22196
BUZIIBYG,FWUCPMMW,2071
BUZIIBYG,IGDVVKUD,9609
BUZIIBYG,FDXPMYGF,4012
BUZIIBYG,JSLXRQOK,7621
BUZIIBYG,DJBLNPNC,6130
JBVHSUWY,AHMDUILJ,70952
JBVHSUWY,FTSVTTSR,81037
JBVHSUWY,SUOYXCHP,25808
JBVHSUWY,LLHREMKS,21125
JBVHSUWY,RAWUKQMJ,3516379
JBVHSUWY,BEZYMBBT,3587566
JBVHSUWY,SAAYMURU,19487
JBVHSUWY,QJQJSWFU,48565
JBVHSUWY,STZDBITS,20573884
JBVHSUWY,XUOIQPFL,3182020
JBVHSUWY,WBLJNPZQ,85467
JBVHSUWY,OKMBFVKS,1713552
JBVHSUWY,SDWAYPIK,4711539
JBVHSUWY,UIFPPCLR,38274
JBVHSUWY,KEUWZRKO,350313
JBVHSUWY,APQGTRMF,25632
JBVHSUWY,VBYCLTYZ,361821
JBVHSUWY,GYHKIVQT,7769678
JBVHSUWY,VMAQSTJE,42210
JBVHSUWY,NAQIHUKZ,2326
JBVHSUWY,MIRCVAMV,11279
JBVHSUWY,WHPUAOID,22196
JBVHSUWY,PYZMVUWD,1591
JBVHSUWY,HCDTGMST,61519
JBVHSUWY,XIIEJNEE,1655
JBVHSUWY,TGOELCAG,275094
NAQIHUKZ,DEWLVASR,326111
NAQIHUKZ,FTSVTTSR,81037
NAQIHUKZ,SUOYXCHP,25808
NAQIHUKZ,ZKENOUDA,330566
NAQIHUKZ,LLHREMKS,21125
NAQIHUKZ,SAAYMURU,19487
NAQIHUKZ,QJQJSWFU,48565
NAQIHUKZ,DUCMGGNW,624045
NAQIHUKZ,STZDBITS,20573884
NAQIHUKZ,SNHYOVBM,1342222
NAQIHUKZ,FCYBOAXC,113463661
NAQIHUKZ,JERHKLYW,9552
NAQIHUKZ,ZXERAXWP,8097
NAQIHUKZ,DBWLZWNK,127357
NAQIHUKZ,NZKBIBNU,158995
NAQIHUKZ,VUAFAIYJ,945706
NAQIHUKZ,CCLHWFWF,21099597
NAQIHUKZ,FQCLOEXA,1359834
NAQIHUKZ,ZCELVYQU,53674
NAQIHUKZ,KAGJCHMR,4301
NAQIHUKZ,KJNSOAHR,13335695
NAQIHUKZ,GKQIJYDH,6208368
NAQIHUKZ,FITUEHWN,96135
NAQIHUKZ,BUZIIBYG,14460558
NAQIHUKZ,WHPUAOID,22196
NAQIHUKZ,UQYUIVVR,1521150
NAQIHUKZ,FDXPMYGF,4012
NAQIHUKZ,YSYHGLQK,2401
NAQIHUKZ,HCDTGMST,61519
NAQIHUKZ,TGOELCAG,275094
MIRCVAMV,DDEXPPXU,10732
MIRCVAMV,RJGPVEXX,524607
MIRCVAMV,LUENUFGA,6158912
MIRCVAMV,RAWUKQMJ,3516379
MIRCVAMV,ZGJXVMNI,2723298
MIRCVAMV,LRVGFDFM,6780076
MIRCVAMV,UXSPKBJR,367805
MIRCVAMV,BEZYMBBT,3587566
MIRCVAMV,OJIFIHMZ,3038558
MIRCVAMV,LPHPPJUG,1364306
MIRCVAMV,FCYBOAXC,113463661
MIRCVAMV,LTOYKIML,229330
MIRCVAMV,JERHKLYW,9552
MIRCVAMV,LSOIUSXD,77911
MIRCVAMV,WBLJNPZQ,85467
MIRCVAMV,OXKURKXR,53939
MIRCVAMV,DBWLZWNK,127357
MIRCVAMV,NZKBIBNU,158995
MIRCVAMV,CCLHWFWF,21099597
MIRCVAMV,APQGTRMF,25632
MIRCVAMV,KAGJCHMR,4301
MIRCVAMV,QKXNTIIB,3258099
MIRCVAMV,ROACSLMG,2115116
MIRCVAMV,FWUCPMMW,2071
MIRCVAMV,YSYHGLQK,2401
MIRCVAMV,PYZMVUWD,1591
AANGBULD,DEWLVASR,326111
AANGBULD,FTSVTTSR,81037
AANGBULD,SUOYXCHP,25808
AANGBULD,ZKENOUDA,330566
AANGBULD,DDEXPPXU,10732
AANGBULD,LLHREMKS,21125
AANGBULD,WPQXWHYO,8605777
AANGBULD,RJGPVEXX,524607
AANGBULD,FRHNWLNI,1427516
AANGBULD,ZGJXVMNI,2723298
AANGBULD,SAAYMURU,19487
AANGBULD,EVBVXETX,4813485
AANGBULD,STZDBITS,20573884
AANGBULD,SNHYOVBM,1342222
AANGBULD,LPHPPJUG,1364306
AANGBULD,LTOYKIML,229330
AANGBULD,ZXERAXWP,8097
AANGBULD,NZKBIBNU,158995
AANGBULD,VUAFAIYJ,945706
AANGBULD,CCLHWFWF,21099597
AANGBULD,FQCLOEXA,1359834
AANGBULD,ZCELVYQU,53674
AANGBULD,KJNSOAHR,13335695
AANGBULD,GKQIJYDH,6208368
AANGBULD,FITUEHWN,96135
AANGBULD,NAQIHUKZ,2326
AANGBULD,UQYUIVVR,1521150
AANGBULD,FDXPMYGF,4012
AANGBULD,HCDTGMST,61519
AANGBULD,JSLXRQOK,7621
AANGBULD,XIIEJNEE,1655
AANGBULD,BLANHGYY,5960
AANGBULD,TGOELCAG,275094
WHPUAOID,FTSVTTSR,81037
WHPUAOID,XMKRPGLB,1281150
WHPUAOID,SUOYXCHP,25808
WHPUAOID,WQMVCOEM,10702
WHPUAOID,BSRMSVTC,98990
WHPUAOID,LLHREMKS,21125
WHPUAOID,FRHNWLNI,1427516
WHPUAOID,LRVGFDFM,6780076
WHPUAOID,DUCMGGNW,624045
WHPUAOID,OJIFIHMZ,3038558
WHPUAOID,STZDBITS,20573884
WHPUAOID,JERHKLYW,9552
WHPUAOID,WBLJNPZQ,85467
WHPUAOID,DBWLZWNK,127357
WHPUAOID,VMAQSTJE,42210
WHPUAOID,FITUEHWN,96135
WHPUAOID,NAQIHUKZ,2326
WHPUAOID,UQYUIVVR,1521150
WHPUAOID,FDXPMYGF,4012
WHPUAOID,PYZMVUWD,1591
WHPUAOID,HCDTGMST,61519
WHPUAOID,XIIEJNEE,1655
WHPUAOID,BLANHGYY,5960
WHPUAOID,TGOELCAG,275094
UQYUIVVR,SUOYXCHP,25808
UQYUIVVR,ZKENOUDA,330566
UQYUIVVR,WQMVCOEM,10702
UQYUIVVR,BSRMSVTC,98990
UQYUIVVR,JERHKLYW,9552
UQYUIVVR,OGAFEHLU,9169
UQYUIVVR,KEUWZRKO,350313
UQYUIVVR,KAGJCHMR,4301
UQYUIVVR,VMAQSTJE,42210
UQYUIVVR,FITUEHWN,96135
UQYUIVVR,NAQIHUKZ,2326
UQYUIVVR,WHPUAOID,22196
UQYUIVVR,PYZMVUWD,1591
UQYUIVVR,HCDTGMST,61519
UQYUIVVR,JSLXRQOK,7621
UQYUIVVR,TGOELCAG,275094
FWUCPMMW,FTSVTTSR,81037
FWUCPMMW,RCBZUSIM,3813
FWUCPMMW,SUOYXCHP,25808
FWUCPMMW,WQMVCOEM,10702
FWUCPMMW,BSRMSVTC,98990
FWUCPMMW,LLHREMKS,21125
FWUCPMMW,DNMPSKTB,5232002
FWUCPMMW,RJGPVEXX,524607
FWUCPMMW,HXYSSRXE,6021273
FWUCPMMW,FRHNWLNI,1427516
FWUCPMMW,MBSBZBXA,4931770
FWUCPMMW,BJALXPFS,200756
FWUCPMMW,SAAYMURU,19487
FWUCPMMW,DUCMGGNW,624045
FWUCPMMW,ZXERAXWP,8097
FWUCPMMW,WBLJNPZQ,85467
FWUCPMMW,AXULOHBQ,26524
FWUCPMMW,CCLHWFWF,21099597
FWUCPMMW,KJNSOAHR,13335695
FWUCPMMW,GKQIJYDH,6208368
FWUCPMMW,JBVHSUWY,323120
FWUCPMMW,WHPUAOID,22196
FWUCPMMW,UQYUIVVR,1521150
FWUCPMMW,FDXPMYGF,4012
FWUCPMMW,YSYHGLQK,2401
FWUCPMMW,JSLXRQOK,7621
FWUCPMMW,XIIEJNEE,1655
FWUCPMMW,BLANHGYY,5960
FWUCPMMW,TGOELCAG,275094
IGDVVKUD,RCBZUSIM,3813
IGDVVKUD,SUOYXCHP,25808
IGDVVKUD,WQMVCOEM,10702
IGDVVKUD,BSRMSVTC,98990
IGDVVKUD,DNMPSKTB,5232002
IGDVVKUD,VWMBASNE,117321
IGDVVKUD,ATLDMDBO,35384485
IGDVVKUD,HXYSSRXE,6021273
IGDVVKUD,QRKRBYJL,1435706
IGDVVKUD,FRHNWLNI,1427516
IGDVVKUD,RAWUKQMJ,3516379
IGDVVKUD,LRVGFDFM,6780076
IGDVVKUD,BTMOEMEP,11755342
IGDVVKUD,UXSPKBJR,367805
IGDVVKUD,BEZYMBBT,3587566
IGDVVKUD,SAAYMURU,19487
IGDVVKUD,EVBVXETX,4813485
IGDVVKUD,DUCMGGNW,624045
IGDVVKUD,SNHYOVBM,1342222
IGDVVKUD,JPBRUTWP,5424357
IGDVVKUD,QVLMOEYE,1013432
IGDVVKUD,LSOIUSXD,77911
IGDVVKUD,XUOIQPFL,3182020
IGDVVKUD,OXKURKXR,53939
IGDVVKUD,AXULOHBQ,26524
IGDVVKUD,DBWLZWNK,127357
IGDVVKUD,OKMBFVKS,1713552
IGDVVKUD,OGAFEHLU,9169
IGDVVKUD,SDWAYPIK,4711539
IGDVVKUD,UIFPPCLR,38274
IGDVVKUD,APQGTRMF,25632
IGDVVKUD,GKQIJYDH,6208368
IGDVVKUD,VBYCLTYZ,361821
IGDVVKUD,GYHKIVQT,7769678
IGDVVKUD,ROACSLMG,2115116
IGDVVKUD,VMAQSTJE,42210
IGDVVKUD,UGEQLMXM,144759
IGDVVKUD,BUZIIBYG,14460558
IGDVVKUD,WHPUAOID,22196
IGDVVKUD,FWUCPMMW,2071
IGDVVKUD,FDXPMYGF,4012
IGDVVKUD,YSYHGLQK,2401
IGDVVKUD,PYZMVUWD,1591
IGDVVKUD,JSLXRQOK,7621
IGDVVKUD,XIIEJNEE,1655
IGDVVKUD,BLANHGYY,5960
IGDVVKUD,DJBLNPNC,6130
IGDVVKUD,TGOELCAG,275094
FDXPMYGF,SUOYXCHP,25808
FDXPMYGF,WQMVCOEM,10702
FDXPMYGF,BSRMSVTC,98990
FDXPMYGF,DNMPSKTB,5232002
FDXPMYGF,SAHWCZNH,2427804
FDXPMYGF,LUENUFGA,6158912
FDXPMYGF,HXYSSRXE,6021273
FDXPMYGF,MBSBZBXA,4931770
FDXPMYGF,BJALXPFS,200756
FDXPMYGF,QJQJSWFU,48565
FDXPMYGF,DUCMGGNW,624045
FDXPMYGF,OJIFIHMZ,3038558
FDXPMYGF,SNHYOVBM,1342222
FDXPMYGF,JPBRUTWP,5424357
FDXPMYGF,JERHKLYW,9552
FDXPMYGF,LSOIUSXD,77911
FDXPMYGF,WBLJNPZQ,85467
FDXPMYGF,AXULOHBQ,26524
FDXPMYGF,CCLHWFWF,21099597
FDXPMYGF,OGAFEHLU,9169
FDXPMYGF,KEUWZRKO,350313
FDXPMYGF,VMAQSTJE,42210
FDXPMYGF,XIFHSOWQ,59849
FDXPMYGF,FITUEHWN,96135
FDXPMYGF,JBVHSUWY,323120
FDXPMYGF,PYZMVUWD,1591
FDXPMYGF,HCDTGMST,61519
FDXPMYGF,TGOELCAG,275094
YSYHGLQK,XMKRPGLB,1281150
YSYHGLQK,DDEXPPXU,10732
YSYHGLQK,QJQJSWFU,48565
YSYHGLQK,LPHPPJUG,1364306
YSYHGLQK,JERHKLYW,9552
YSYHGLQK,ZXERAXWP,8097
YSYHGLQK,VUAFAIYJ,945706
YSYHGLQK,KAGJCHMR,4301
YSYHGLQK,VMAQSTJE,42210
YSYHGLQK,FITUEHWN,96135
YSYHGLQK,NAQIHUKZ,2326
YSYHGLQK,MIRCVAMV,11279
YSYHGLQK,AANGBULD,1378397
YSYHGLQK,HCDTGMST,61519
YSYHGLQK,XIIEJNEE,1655
PYZMVUWD,AHMDUILJ,70952
PYZMVUWD,XIPPENFQ,142118
PYZMVUWD,XMKRPGLB,1281150
PYZMVUWD,SUOYXCHP,25808
PYZMVUWD,VWMBASNE,117321
PYZMVUWD,SAHWCZNH,2427804
PYZMVUWD,LUENUFGA,6158912
PYZMVUWD,MBSBZBXA,4931770
PYZMVUWD,BEZYMBBT,3587566
PYZMVUWD,SAAYMURU,19487
PYZMVUWD,QJQJSWFU,48565
PYZMVUWD,DUCMGGNW,624045
PYZMVUWD,OJIFIHMZ,3038558
PYZMVUWD,STZDBITS,20573884
PYZMVUWD,JPBRUTWP,5424357
PYZMVUWD,LTOYKIML,229330
PYZMVUWD,LSOIUSXD,77911
PYZMVUWD,XUOIQPFL,3182020
PYZMVUWD,WBLJNPZQ,85467
PYZMVUWD,OXKURKXR,53939
PYZMVUWD,VUAFAIYJ,945706
PYZMVUWD,OGAFEHLU,9169
PYZMVUWD,SDWAYPIK,4711539
PYZMVUWD,UIFPPCLR,38274
PYZMVUWD,KAGJCHMR,4301
PYZMVUWD,VBYCLTYZ,361821
PYZMVUWD,GYHKIVQT,7769678
PYZMVUWD,ROACSLMG,2115116
PYZMVUWD,VMAQSTJE,42210
PYZMVUWD,XIFHSOWQ,59849
PYZMVUWD,UGEQLMXM,144759
PYZMVUWD,JBVHSUWY,323120
PYZMVUWD,MIRCVAMV,11279
PYZMVUWD,YSYHGLQK,2401
HCDTGMST,AHMDUILJ,70952
HCDTGMST,SUOYXCHP,25808
HCDTGMST,BSRMSVTC,98990
HCDTGMST,VWMBASNE,117321
HCDTGMST,SAHWCZNH,2427804
HCDTGMST,LUENUFGA,6158912
HCDTGMST,MBSBZBXA,4931770
HCDTGMST,SAAYMURU,19487
HCDTGMST,QJQJSWFU,48565
HCDTGMST,OJIFIHMZ,3038558
HCDTGMST,STZDBITS,20573884
HCDTGMST,JERHKLYW,9552
HCDTGMST,KEUWZRKO,350313
HCDTGMST,KJNSOAHR,13335695
HCDTGMST,QKXNTIIB,3258099
HCDTGMST,GKQIJYDH,6208368
HCDTGMST,VMAQSTJE,42210
HCDTGMST,XIFHSOWQ,59849
HCDTGMST,NAQIHUKZ,2326
HCDTGMST,YSYHGLQK,2401
HCDTGMST,PYZMVUWD,1591
HCDTGMST,XIIEJNEE,1655
HCDTGMST,DJBLNPNC,6130
HCDTGMST,TGOELCAG,275094
JSLXRQOK,DEWLVASR,326111
JSLXRQOK,FTSVTTSR,81037
JSLXRQOK,SUOYXCHP,25808
JSLXRQOK,LLHREMKS,21125
JSLXRQOK,FRHNWLNI,1427516
JSLXRQOK,SAAYMURU,19487
JSLXRQOK,EVBVXETX,4813485
JSLXRQOK,STZDBITS,20573884
JSLXRQOK,NZKBIBNU,158995
JSLXRQOK,VUAFAIYJ,945706
JSLXRQOK,CCLHWFWF,21099597
JSLXRQOK,APQGTRMF,25632
JSLXRQOK,KJNSOAHR,13335695
JSLXRQOK,GKQIJYDH,6208368
JSLXRQOK,FITUEHWN,96135
JSLXRQOK,NAQIHUKZ,2326
JSLXRQOK,AANGBULD,1378397
JSLXRQOK,FWUCPMMW,2071
JSLXRQOK,FDXPMYGF,4012
JSLXRQOK,YSYHGLQK,2401
JSLXRQOK,XIIEJNEE,1655
JSLXRQOK,BLANHGYY,5960
JSLXRQOK,DJBLNPNC,6130
JSLXRQOK,TGOELCAG,275094
XIIEJNEE,FTSVTTSR,81037
XIIEJNEE,RCBZUSIM,3813
XIIEJNEE,SUOYXCHP,25808
XIIEJNEE,WQMVCOEM,10702
XIIEJNEE,LLHREMKS,21125
XIIEJNEE,DNMPSKTB,5232002
XIIEJNEE,VWMBASNE,117321
XIIEJNEE,RJGPVEXX,524607
XIIEJNEE,ATLDMDBO,35384485
XIIEJNEE,HXYSSRXE,6021273
XIIEJNEE,QRKRBYJL,1435706
XIIEJNEE,FRHNWLNI,1427516
XIIEJNEE,RAWUKQMJ,3516379
XIIEJNEE,LRVGFDFM,6780076
XIIEJNEE,BTMOEMEP,11755342
XIIEJNEE,UXSPKBJR,367805
XIIEJNEE,BEZYMBBT,3587566
XIIEJNEE,SAAYMURU,19487
XIIEJNEE,QJQJSWFU,48565
XIIEJNEE,EVBVXETX,4813485
XIIEJNEE,DUCMGGNW,624045
XIIEJNEE,SNHYOVBM,1342222
XIIEJNEE,JPBRUTWP,5424357
XIIEJNEE,QVLMOEYE,1013432
XIIEJNEE,LSOIUSXD,77911
XIIEJNEE,XUOIQPFL,3182020
XIIEJNEE,OXKURKXR,53939
XIIEJNEE,AXULOHBQ,26524
XIIEJNEE,DBWLZWNK,127357
XIIEJNEE,NZKBIBNU,158995
XIIEJNEE,OKMBFVKS,1713552
XIIEJNEE,OGAFEHLU,9169
XIIEJNEE,SDWAYPIK,4711539
XIIEJNEE,UIFPPCLR,38274
XIIEJNEE,APQGTRMF,25632
XIIEJNEE,ZCELVYQU,53674
XIIEJNEE,GKQIJYDH,6208368
XIIEJNEE,VBYCLTYZ,361821
XIIEJNEE,GYHKIVQT,7769678
XIIEJNEE,ROACSLMG,2115116
XIIEJNEE,FITUEHWN,96135
XIIEJNEE,UGEQLMXM,144759
XIIEJNEE,BUZIIBYG,14460558
XIIEJNEE,WHPUAOID,22196
XIIEJNEE,FWUCPMMW,2071
XIIEJNEE,IGDVVKUD,9609
XIIEJNEE,HCDTGMST,61519
XIIEJNEE,JSLXRQOK,7621
XIIEJNEE,TGOELCAG,275094
BLANHGYY,XMKRPGLB,1281150
BLANHGYY,RCBZUSIM,3813
BLANHGYY,SUOYXCHP,25808
BLANHGYY,WQMVCOEM,10702
BLANHGYY,BSRMSVTC,98990
BLANHGYY,DNMPSKTB,5232002
BLANHGYY,SAHWCZNH,2427804
BLANHGYY,HXYSSRXE,6021273
BLANHGYY,QRKRBYJL,1435706
BLANHGYY,BJALXPFS,200756
BLANHGYY,RAWUKQMJ,3516379
BLANHGYY,LRVGFDFM,6780076
BLANHGYY,QJQJSWFU,48565
BLANHGYY,DUCMGGNW,624045
BLANHGYY,STZDBITS,20573884
BLANHGYY,SNHYOVBM,1342222
BLANHGYY,JPBRUTWP,5424357
BLANHGYY,XUOIQPFL,3182020
BLANHGYY,WBLJNPZQ,85467
BLANHGYY,AXULOHBQ,26524
BLANHGYY,OKMBFVKS,1713552
BLANHGYY,CCLHWFWF,21099597
BLANHGYY,SDWAYPIK,4711539
BLANHGYY,KEUWZRKO,350313
BLANHGYY,APQGTRMF,25632
BLANHGYY,QKXNTIIB,3258099
BLANHGYY,GYHKIVQT,7769678
BLANHGYY,VMAQSTJE,42210
BLANHGYY,XIFHSOWQ,59849
BLANHGYY,FITUEHWN,96135
BLANHGYY,UGEQLMXM,144759
BLANHGYY,JBVHSUWY,323120
BLANHGYY,UQYUIVVR,1521150
BLANHGYY,FDXPMYGF,4012
BLANHGYY,YSYHGLQK,2401
BLANHGYY,PYZMVUWD,1591
BLANHGYY,HCDTGMST,61519
BLANHGYY,TGOELCAG,275094
DJBLNPNC,XMKRPGLB,1281150
DJBLNPNC,RCBZUSIM,3813
DJBLNPNC,SUOYXCHP,25808
DJBLNPNC,WQMVCOEM,10702
DJBLNPNC,BSRMSVTC,98990
DJBLNPNC,DNMPSKTB,5232002
DJBLNPNC,WPQXWHYO,8605777
DJBLNPNC,ATLDMDBO,35384485
DJBLNPNC,HXYSSRXE,6021273
DJBLNPNC,FRHNWLNI,1427516
DJBLNPNC,MBSBZBXA,4931770
DJBLNPNC,BJALXPFS,200756
DJBLNPNC,RAWUKQMJ,3516379
DJBLNPNC,LRVGFDFM,6780076
DJBLNPNC,UXSPKBJR,367805
DJBLNPNC,DUCMGGNW,624045
DJBLNPNC,OJIFIHMZ,3038558
DJBLNPNC,XUOIQPFL,3182020
DJBLNPNC,WBLJNPZQ,85467
DJBLNPNC,AXULOHBQ,26524
DJBLNPNC,CCLHWFWF,21099597
DJBLNPNC,FQCLOEXA,1359834
DJBLNPNC,APQGTRMF,25632
DJBLNPNC,KJNSOAHR,13335695
DJBLNPNC,ROACSLMG,2115116
DJBLNPNC,UGEQLMXM,144759
DJBLNPNC,JBVHSUWY,323120
DJBLNPNC,WHPUAOID,22196
DJBLNPNC,UQYUIVVR,1521150
DJBLNPNC,IGDVVKUD,9609
DJBLNPNC,FDXPMYGF,4012
DJBLNPNC,YSYHGLQK,2401
TGOELCAG,DEWLVASR,326111
TGOELCAG,AHMDUILJ,70952
TGOELCAG,XMKRPGLB,1281150
TGOELCAG,RCBZUSIM,3813
TGOELCAG,SUOYXCHP,25808
TGOELCAG,BSRMSVTC,98990
TGOELCAG,LLHREMKS,21125
TGOELCAG,VWMBASNE,117321
TGOELCAG,SAHWCZNH,2427804
TGOELCAG,LUENUFGA,6158912
TGOELCAG,MBSBZBXA,4931770
TGOELCAG,OJIFIHMZ,3038558
TGOELCAG,STZDBITS,20573884
TGOELCAG,FCYBOAXC,113463661
TGOELCAG,JPBRUTWP,5424357
TGOELCAG,JERHKLYW,9552
TGOELCAG,ZXERAXWP,8097
TGOELCAG,LSOIUSXD,77911
TGOELCAG,DBWLZWNK,127357
TGOELCAG,SDWAYPIK,4711539
TGOELCAG,KEUWZRKO,350313
TGOELCAG,ZCELVYQU,53674
TGOELCAG,KJNSOAHR,13335695
TGOELCAG,GKQIJYDH,6208368
TGOELCAG,XIFHSOWQ,59849
TGOELCAG,FITUEHWN,96135
TGOELCAG,UGEQLMXM,144759
TGOELCAG,JBVHSUWY,323120
TGOELCAG,MIRCVAMV,11279
TGOELCAG,IGDVVKUD,9609
TGOELCAG,YSYHGLQK,2401
TGOELCAG,PYZMVUWD,1591
TGOELCAG,HCDTGMST,61519
